Date,Time,Heart rate (bpm),Tag
Feb 26,9:50 PM,91,Resting
Feb 26,6:10 PM,110,Resting
Feb 26,6:00 PM,100,General
Feb 26,4:10 PM,102,General
Feb 26,3:50 PM,98,Resting
Feb 26,3:40 PM,99,Resting
Feb 26,3:30 PM,99,Resting
Feb 26,3:20 PM,110,Resting
Feb 26,3:00 PM,103,Resting
Feb 26,2:50 PM,108,Resting
Feb 26,2:40 PM,115,Resting
Feb 26,2:30 PM,106,General
Feb 26,2:10 PM,105,Resting
Feb 26,2:00 PM,114,Resting
Feb 26,1:50 PM,114,Resting
Feb 26,1:40 PM,110,Resting
Feb 26,1:30 PM,111,Resting
Feb 26,1:20 PM,100,Resting
Feb 26,1:11 PM,100,General
Feb 26,1:00 PM,115,General
Feb 26,12:50 AM,83,Resting
Feb 26,12:40 AM,80,Resting
Feb 26,12:30 AM,79,Resting
Feb 26,12:20 AM,84,Resting
Feb 26,12:00 AM,93,General
Feb 25,10:20 PM,108,Resting
Feb 25,10:01 PM,112,General
Feb 25,9:40 PM,138,General
Feb 25,9:20 PM,104,General
Feb 25,9:10 PM,95,Resting
Feb 25,9:00 PM,88,Resting
Feb 25,8:50 PM,92,Resting
Feb 25,8:40 PM,91,Resting
Feb 25,8:30 PM,90,General
Feb 25,7:20 PM,93,General
Feb 25,7:00 PM,102,Resting
Feb 25,6:50 PM,98,Resting
Feb 25,1:00 AM,98,Resting
Feb 25,12:50 AM,87,Resting
Feb 25,12:40 AM,91,Resting
Feb 25,12:30 AM,90,Resting
Feb 25,12:20 AM,98,Resting
Feb 25,12:10 AM,106,Resting
Feb 25,12:00 AM,104,Resting
Feb 24,11:50 PM,100,Resting
Feb 24,11:40 PM,100,General
Feb 24,11:20 PM,108,General
Feb 24,10:10 PM,119,Resting
Feb 24,10:01 PM,107,Resting
Feb 24,9:50 PM,108,Resting
Feb 24,9:10 PM,88,Resting
Feb 24,8:40 PM,100,Resting
Feb 24,8:10 PM,106,Resting
Feb 24,7:10 PM,90,Resting
Feb 24,7:00 PM,86,Resting
Feb 24,6:50 PM,87,General
Feb 24,6:30 PM,84,Resting
Feb 24,6:00 PM,85,Resting
Feb 24,5:55 PM,84,General
Feb 24,5:50 PM,83,General
Feb 24,5:31 PM,98,General
Feb 24,5:20 PM,95,Resting
Feb 24,5:10 PM,92,Resting
Feb 24,5:00 PM,92,Resting
Feb 24,4:40 PM,105,Resting
Feb 24,4:30 PM,98,Resting
Feb 24,4:20 PM,105,Resting
Feb 24,4:10 PM,98,General
Feb 24,4:00 PM,89,Resting
Feb 24,3:50 PM,90,Resting
Feb 24,3:40 PM,94,Resting
Feb 24,3:30 PM,109,Resting
Feb 24,3:20 PM,107,Resting
Feb 24,3:10 PM,111,Resting
Feb 24,2:11 PM,106,General
Feb 24,1:30 PM,104,General
Feb 24,12:50 PM,101,Resting
Feb 24,12:40 PM,98,Resting
Feb 24,1:10 AM,90,Resting
Feb 24,1:00 AM,101,Resting
Feb 24,12:50 AM,99,Resting
Feb 24,12:40 AM,92,Resting
Feb 24,12:30 AM,94,Resting
Feb 24,12:20 AM,96,Resting
Feb 24,12:10 AM,93,Resting
Feb 24,12:00 AM,93,General
Feb 23,11:10 PM,105,Resting
Feb 23,10:11 PM,95,Resting
Feb 23,9:20 PM,94,Resting
Feb 23,7:50 PM,74,Resting
Feb 23,7:40 PM,80,Resting
Feb 23,7:20 PM,89,Resting
Feb 23,7:10 PM,86,Resting
Feb 23,6:50 PM,84,Resting
Feb 23,6:40 PM,83,Resting
Feb 23,6:30 PM,80,Resting
Feb 23,6:20 PM,87,Resting
Feb 23,6:00 PM,86,Resting
Feb 23,5:10 PM,92,Resting
Feb 23,4:40 PM,91,Resting
Feb 23,4:30 PM,94,Resting
Feb 23,4:20 PM,83,Resting
Feb 23,4:10 PM,72,General
Feb 23,3:50 PM,90,Resting
Feb 23,3:40 PM,76,General
Feb 23,3:30 PM,78,Resting
Feb 23,3:20 PM,80,Resting
Feb 23,3:00 PM,80,Resting
Feb 23,2:50 PM,87,Resting
Feb 23,2:30 PM,84,Resting
Feb 23,2:11 PM,90,Resting
Feb 23,2:00 PM,81,General
Feb 23,12:50 AM,79,Resting
Feb 23,12:40 AM,79,Resting
Feb 23,12:30 AM,85,Resting
Feb 23,12:20 AM,84,Resting
Feb 23,12:10 AM,78,Resting
Feb 23,12:00 AM,77,Resting
Feb 22,11:50 PM,90,Resting
Feb 22,11:40 PM,91,Resting
Feb 22,11:30 PM,87,Resting
Feb 22,11:20 PM,84,Resting
Feb 22,11:00 PM,90,Resting
Feb 22,10:50 PM,93,Resting
Feb 22,10:40 PM,90,Resting
Feb 22,10:30 PM,97,Resting
Feb 22,10:20 PM,93,Resting
Feb 22,10:00 PM,95,General
Feb 22,9:52 PM,98,General
Feb 22,9:10 PM,108,General
Feb 22,8:40 PM,97,General
Feb 22,8:10 PM,91,Resting
Feb 22,8:00 PM,91,Resting
Feb 22,7:40 PM,92,Resting
Feb 22,7:00 PM,86,Resting
Feb 22,6:50 PM,95,Resting
Feb 22,6:30 PM,93,Resting
Feb 22,6:20 PM,94,General
Feb 22,3:50 PM,96,Resting
Feb 22,3:40 PM,90,Resting
Feb 22,3:30 PM,87,Resting
Feb 22,3:20 PM,89,General
Feb 22,3:10 PM,103,Resting
Feb 22,3:00 PM,100,Resting
Feb 22,2:50 PM,103,Resting
Feb 22,2:40 PM,109,Resting
Feb 22,2:30 PM,105,Resting
Feb 22,2:20 PM,96,Resting
Feb 22,2:10 PM,100,General
Feb 22,2:00 PM,107,Resting
Feb 22,1:50 PM,84,Resting
Feb 22,1:40 PM,82,Resting
Feb 22,1:30 PM,83,Resting
Feb 22,1:20 PM,72,Resting
Feb 22,1:10 PM,75,Resting
Feb 22,1:00 PM,88,Resting
Feb 22,12:50 PM,86,Resting
Feb 22,12:40 PM,83,General
Feb 22,10:30 AM,67,Resting
Feb 22,10:20 AM,65,Resting
Feb 22,10:10 AM,65,Resting
Feb 22,10:00 AM,68,Resting
Feb 22,9:50 AM,66,Resting
Feb 22,9:40 AM,70,Resting
Feb 22,9:30 AM,72,Resting
Feb 22,9:20 AM,61,Resting
Feb 22,9:10 AM,63,Resting
Feb 22,9:00 AM,64,Resting
Feb 22,8:50 AM,64,Resting
Feb 22,8:40 AM,62,Resting
Feb 22,8:30 AM,67,Resting
Feb 22,8:20 AM,64,Resting
Feb 22,8:10 AM,55,Resting
Feb 22,7:50 AM,65,Resting
Feb 22,7:40 AM,63,Resting
Feb 22,7:30 AM,58,Resting
Feb 22,7:20 AM,59,Resting
Feb 22,7:10 AM,63,Resting
Feb 22,7:00 AM,66,Resting
Feb 22,6:50 AM,64,Resting
Feb 22,6:40 AM,69,Resting
Feb 22,6:30 AM,57,Resting
Feb 22,6:20 AM,60,Resting
Feb 22,6:10 AM,63,Resting
Feb 22,6:00 AM,61,Resting
Feb 22,5:50 AM,62,Resting
Feb 22,5:40 AM,63,Resting
Feb 22,5:30 AM,66,Resting
Feb 22,5:20 AM,65,Resting
Feb 22,5:10 AM,61,Resting
Feb 22,5:00 AM,65,Resting
Feb 22,4:50 AM,69,Resting
Feb 22,4:40 AM,70,Resting
Feb 22,4:30 AM,68,Resting
Feb 22,4:20 AM,65,Resting
Feb 22,4:10 AM,65,Resting
Feb 22,4:00 AM,68,Resting
Feb 22,3:50 AM,67,Resting
Feb 22,3:40 AM,73,Resting
Feb 22,3:30 AM,72,Resting
Feb 22,3:20 AM,60,Resting
Feb 22,3:10 AM,59,Resting
Feb 22,3:00 AM,61,Resting
Feb 22,2:50 AM,65,Resting
Feb 22,2:40 AM,63,Resting
Feb 22,2:30 AM,65,Resting
Feb 22,2:20 AM,64,Resting
Feb 22,2:10 AM,60,Resting
Feb 22,2:00 AM,64,Resting
Feb 22,1:50 AM,63,Resting
Feb 22,1:40 AM,72,Resting
Feb 22,1:30 AM,84,Resting
Feb 22,1:20 AM,73,Resting
Feb 22,1:10 AM,73,Resting
Feb 22,1:00 AM,80,General
Feb 22,12:40 AM,81,Resting
Feb 22,12:20 AM,75,Resting
Feb 22,12:10 AM,76,Resting
Feb 22,12:00 AM,81,Resting
Feb 21,11:50 PM,78,Resting
Feb 21,11:41 PM,87,Resting
Feb 21,11:30 PM,88,General
Feb 21,11:20 PM,93,General
Feb 21,11:10 PM,88,Resting
Feb 21,11:00 PM,93,Resting
Feb 21,10:50 PM,89,Resting
Feb 21,10:40 PM,92,Resting
Feb 21,10:30 PM,86,Resting
Feb 21,10:20 PM,102,Resting
Feb 21,10:10 PM,99,General
Feb 21,9:50 PM,94,Resting
Feb 21,9:40 PM,92,Resting
Feb 21,9:30 PM,96,Resting
Feb 21,9:20 PM,91,Resting
Feb 21,9:10 PM,92,Resting
Feb 21,9:00 PM,88,Resting
Feb 21,8:50 PM,91,General
Feb 21,8:40 PM,119,Resting
Feb 21,8:30 PM,106,Resting
Feb 21,8:20 PM,88,Resting
Feb 21,8:10 PM,86,Resting
Feb 21,8:01 PM,86,General
Feb 21,6:30 PM,76,Resting
Feb 21,6:20 PM,88,Resting
Feb 21,6:18 PM,88,General
Feb 21,5:00 PM,96,Resting
Feb 21,4:50 PM,95,Resting
Feb 21,4:40 PM,88,Resting
Feb 21,4:30 PM,93,General
Feb 21,4:10 PM,95,Resting
Feb 21,4:00 PM,100,General
Feb 21,2:40 PM,122,Resting
Feb 21,2:20 PM,126,General
Feb 21,2:00 PM,103,Resting
Feb 21,1:50 PM,92,General
Feb 21,1:40 PM,85,Resting
Feb 21,1:30 PM,88,Resting
Feb 21,1:20 PM,87,Resting
Feb 21,1:10 PM,94,Resting
Feb 21,1:00 PM,86,Resting
Feb 21,12:50 PM,81,Resting
Feb 21,12:40 PM,79,Resting
Feb 21,12:30 PM,85,Resting
Feb 21,12:20 PM,84,Resting
Feb 21,12:10 PM,90,Resting
Feb 21,12:00 PM,98,General
Feb 21,11:50 AM,93,Resting
Feb 21,10:40 AM,84,Resting
Feb 21,10:20 AM,97,Resting
Feb 21,10:10 AM,91,Resting
Feb 21,10:00 AM,93,Resting
Feb 21,9:50 AM,95,Resting
Feb 21,9:40 AM,107,Resting
Feb 21,9:20 AM,117,Resting
Feb 21,9:00 AM,102,Resting
Feb 21,7:50 AM,55,Resting
Feb 21,7:40 AM,51,Resting
Feb 21,7:20 AM,61,Resting
Feb 21,7:10 AM,58,Resting
Feb 21,7:00 AM,58,Resting
Feb 21,6:50 AM,62,Resting
Feb 21,6:40 AM,72,Resting
Feb 21,6:30 AM,64,Resting
Feb 21,6:20 AM,52,Resting
Feb 21,6:10 AM,59,Resting
Feb 21,6:00 AM,56,Resting
Feb 21,5:50 AM,62,Resting
Feb 21,5:40 AM,67,Resting
Feb 21,5:30 AM,60,Resting
Feb 21,4:40 AM,58,Resting
Feb 21,4:31 AM,66,Resting
Feb 21,4:20 AM,58,Resting
Feb 21,4:10 AM,78,Resting
Feb 21,4:00 AM,67,Resting
Feb 21,3:50 AM,58,Resting
Feb 21,3:40 AM,56,General
Feb 21,3:30 AM,59,Resting
Feb 21,3:20 AM,59,Resting
Feb 21,3:10 AM,65,Resting
Feb 21,2:40 AM,59,Resting
Feb 21,2:30 AM,74,Resting
Feb 21,2:20 AM,84,Resting
Feb 21,2:10 AM,72,Resting
Feb 21,2:00 AM,70,Resting
Feb 21,1:40 AM,64,Resting
Feb 21,1:30 AM,67,Resting
Feb 21,1:20 AM,72,Resting
Feb 21,1:10 AM,69,Resting
Feb 21,1:00 AM,70,Resting
Feb 21,12:50 AM,71,Resting
Feb 21,12:40 AM,69,Resting
Feb 21,12:30 AM,73,Resting
Feb 21,12:20 AM,75,Resting
Feb 21,12:10 AM,76,Resting
Feb 21,12:00 AM,82,Resting
Feb 20,11:51 PM,92,General
Feb 20,11:30 PM,82,Resting
Feb 20,11:20 PM,75,General
Feb 20,11:00 PM,83,Resting
Feb 20,10:50 PM,88,Resting
Feb 20,10:40 PM,86,Resting
Feb 20,10:30 PM,82,General
Feb 20,10:20 PM,83,Resting
Feb 20,10:10 PM,89,Resting
Feb 20,10:00 PM,90,Resting
Feb 20,9:50 PM,85,Resting
Feb 20,9:40 PM,103,Resting
Feb 20,9:21 PM,90,Resting
Feb 20,9:10 PM,84,Resting
Feb 20,9:00 PM,90,General
Feb 20,8:30 PM,93,Resting
Feb 20,8:20 PM,98,Resting
Feb 20,8:00 PM,82,Resting
Feb 20,7:50 PM,87,Resting
Feb 20,7:30 PM,100,General
Feb 20,7:00 PM,104,Resting
Feb 20,6:50 PM,100,Resting
Feb 20,6:30 PM,106,Resting
Feb 20,6:20 PM,99,Resting
Feb 20,6:11 PM,103,General
Feb 20,5:40 PM,91,Resting
Feb 20,5:30 PM,84,Resting
Feb 20,5:22 PM,86,General
Feb 20,5:20 PM,87,Resting
Feb 20,5:10 PM,86,Resting
Feb 20,4:50 PM,85,Resting
Feb 20,4:40 PM,80,General
Feb 20,4:20 PM,86,Resting
Feb 20,4:10 PM,89,General
Feb 20,3:40 PM,101,Resting
Feb 20,3:10 PM,111,General
Feb 20,3:00 PM,109,Resting
Feb 20,2:40 PM,104,Resting
Feb 20,2:30 PM,103,Resting
Feb 20,2:20 PM,117,General
Feb 20,2:10 PM,119,General
Feb 20,1:30 PM,99,Resting
Feb 20,1:20 PM,103,Resting
Feb 20,12:50 PM,104,General
Feb 20,12:40 PM,70,General
Feb 20,12:00 PM,82,Resting
Feb 20,11:50 AM,92,Resting
Feb 20,11:40 AM,71,Resting
Feb 20,11:20 AM,94,Resting
Feb 20,11:00 AM,82,Resting
Feb 20,10:40 AM,96,Resting
Feb 20,10:30 AM,77,Resting
Feb 20,10:20 AM,83,Resting
Feb 20,10:10 AM,85,Resting
Feb 20,10:00 AM,87,Resting
Feb 20,9:50 AM,89,Resting
Feb 20,9:40 AM,100,Resting
Feb 20,9:30 AM,90,Resting
Feb 20,9:20 AM,90,Resting
Feb 20,9:10 AM,100,Resting
Feb 20,9:00 AM,87,Resting
Feb 20,8:50 AM,90,Resting
Feb 20,8:40 AM,96,General
Feb 20,12:30 AM,94,Resting
Feb 20,12:20 AM,96,Resting
Feb 20,12:10 AM,97,Resting
Feb 20,12:00 AM,103,Resting
Feb 19,11:50 PM,96,Resting
Feb 19,11:40 PM,100,General
Feb 19,10:50 PM,109,Resting
Feb 19,10:40 PM,112,Resting
Feb 19,10:30 PM,117,General
Feb 19,9:00 PM,85,Resting
Feb 19,8:41 PM,102,General
Feb 19,8:20 PM,95,Resting
Feb 19,6:21 PM,111,Resting
Feb 19,4:30 PM,110,Resting
Feb 19,2:31 PM,109,Resting
Feb 19,2:00 PM,116,Resting
Feb 19,1:40 PM,105,General
Feb 19,1:30 PM,97,Resting
Feb 19,1:20 PM,84,Resting
Feb 19,12:50 PM,78,Resting
Feb 19,12:40 PM,78,General
Feb 19,12:00 PM,78,Resting
Feb 19,11:40 AM,98,Resting
Feb 19,11:30 AM,100,Resting
Feb 19,11:20 AM,94,Resting
Feb 19,11:10 AM,97,Resting
Feb 19,10:40 AM,86,General
Feb 18,8:50 PM,98,Resting
Feb 18,8:40 PM,98,General
Feb 18,8:10 PM,104,Resting
Feb 18,7:50 PM,101,General
Feb 18,7:00 PM,124,Resting
Feb 18,6:50 PM,119,Resting
Feb 18,6:40 PM,120,Resting
Feb 18,6:30 PM,127,Resting
Feb 18,6:20 PM,120,Resting
Feb 18,5:50 PM,121,General
Feb 18,3:30 PM,103,Resting
Feb 18,2:40 PM,105,Resting
Feb 18,2:30 PM,105,Resting
Feb 18,1:50 PM,106,Resting
Feb 18,1:40 PM,105,Resting
Feb 18,1:20 PM,105,Resting
Feb 18,12:50 PM,110,General
Feb 18,12:40 PM,77,General
Feb 18,12:10 PM,104,Resting
Feb 18,11:50 AM,88,Resting
Feb 18,11:40 AM,85,General
Feb 18,11:30 AM,92,Resting
Feb 18,11:20 AM,93,Resting
Feb 18,11:10 AM,86,General
Feb 18,11:00 AM,87,Resting
Feb 18,10:50 AM,92,General
Feb 18,10:41 AM,99,General
Feb 18,10:20 AM,88,Resting
Feb 18,10:10 AM,93,Resting
Feb 18,10:00 AM,98,Resting
Feb 18,9:50 AM,93,Resting
Feb 18,9:40 AM,96,General
Feb 18,12:20 AM,92,Resting
Feb 18,12:00 AM,89,Resting
Feb 17,11:50 PM,96,Resting
Feb 17,11:40 PM,89,Resting
Feb 17,11:30 PM,87,Resting
Feb 17,11:20 PM,87,Resting
Feb 17,11:10 PM,92,Resting
Feb 17,11:00 PM,89,Resting
Feb 17,10:40 PM,103,Resting
Feb 17,10:30 PM,101,General
Feb 17,8:00 PM,84,General
Feb 17,7:50 PM,92,Resting
Feb 17,7:40 PM,80,Resting
Feb 17,7:30 PM,84,Resting
Feb 17,7:20 PM,84,Resting
Feb 17,6:40 PM,93,Resting
Feb 17,6:30 PM,93,General
Feb 17,6:20 PM,95,Resting
Feb 17,6:10 PM,95,Resting
Feb 17,5:30 PM,71,General
Feb 17,5:20 PM,91,Resting
Feb 17,5:10 PM,97,General
Feb 17,4:50 PM,80,Resting
Feb 17,4:40 PM,76,General
Feb 17,4:00 PM,88,Resting
Feb 17,3:50 PM,72,Resting
Feb 17,3:20 PM,79,Resting
Feb 17,3:10 PM,92,Resting
Feb 17,3:00 PM,92,Resting
Feb 17,2:50 PM,96,Resting
Feb 17,2:40 PM,91,Resting
Feb 17,2:30 PM,89,Resting
Feb 17,2:20 PM,92,Resting
Feb 17,2:10 PM,92,General
Feb 17,2:00 PM,93,Resting
Feb 17,1:50 PM,80,Resting
Feb 17,1:40 PM,98,Resting
Feb 17,1:20 PM,102,Resting
Feb 17,1:10 PM,85,Resting
Feb 17,12:20 PM,89,Resting
Feb 17,12:10 PM,92,Resting
Feb 17,11:40 AM,84,Resting
Feb 17,9:00 AM,61,Resting
Feb 17,8:50 AM,55,Resting
Feb 17,8:40 AM,56,Resting
Feb 17,8:30 AM,66,Resting
Feb 17,8:20 AM,59,Resting
Feb 17,8:10 AM,61,Resting
Feb 17,8:00 AM,61,Resting
Feb 17,7:50 AM,61,Resting
Feb 17,7:40 AM,60,Resting
Feb 17,7:31 AM,58,Resting
Feb 17,7:20 AM,60,Resting
Feb 17,7:11 AM,58,Resting
Feb 17,7:00 AM,58,Resting
Feb 17,6:40 AM,64,Resting
Feb 17,6:30 AM,62,Resting
Feb 17,6:20 AM,59,Resting
Feb 17,6:10 AM,59,Resting
Feb 17,6:00 AM,67,Resting
Feb 17,5:50 AM,66,Resting
Feb 17,5:40 AM,67,Resting
Feb 17,5:30 AM,65,Resting
Feb 17,5:20 AM,63,Resting
Feb 17,5:10 AM,65,Resting
Feb 17,5:00 AM,57,Resting
Feb 17,4:50 AM,66,Resting
Feb 17,4:40 AM,68,Resting
Feb 17,4:30 AM,65,Resting
Feb 17,4:20 AM,66,Resting
Feb 17,4:10 AM,65,Resting
Feb 17,4:00 AM,66,Resting
Feb 17,3:50 AM,65,Resting
Feb 17,3:40 AM,62,Resting
Feb 17,3:30 AM,67,Resting
Feb 17,3:20 AM,63,Resting
Feb 17,3:10 AM,67,Resting
Feb 17,3:00 AM,68,Resting
Feb 17,2:50 AM,70,Resting
Feb 17,2:40 AM,69,Resting
Feb 17,2:30 AM,67,Resting
Feb 17,2:20 AM,74,Resting
Feb 17,2:10 AM,72,Resting
Feb 17,2:00 AM,75,Resting
Feb 17,1:50 AM,78,Resting
Feb 17,1:40 AM,77,Resting
Feb 17,1:30 AM,77,Resting
Feb 17,1:20 AM,85,General
Feb 17,1:10 AM,95,Resting
Feb 17,1:00 AM,84,Resting
Feb 17,12:50 AM,81,Resting
Feb 17,12:40 AM,93,Resting
Feb 17,12:30 AM,83,Resting
Feb 17,12:20 AM,88,General
Feb 16,10:40 PM,104,General
Feb 16,9:31 PM,107,General
Feb 16,8:10 PM,82,Resting
Feb 16,8:00 PM,90,Resting
Feb 16,7:30 PM,90,Resting
Feb 16,6:50 PM,93,Resting
Feb 16,6:40 PM,85,Resting
Feb 16,6:30 PM,89,Resting
Feb 16,6:20 PM,84,Resting
Feb 16,6:10 PM,93,Resting
Feb 16,6:00 PM,91,Resting
Feb 16,5:50 PM,92,Resting
Feb 16,5:40 PM,86,Resting
Feb 16,5:30 PM,89,General
Feb 16,5:10 PM,92,Resting
Feb 16,5:00 PM,93,Resting
Feb 16,4:50 PM,97,Resting
Feb 16,4:40 PM,103,Resting
Feb 16,4:30 PM,104,Resting
Feb 16,4:20 PM,95,Resting
Feb 16,4:10 PM,93,Resting
Feb 16,4:00 PM,88,General
Feb 16,3:40 PM,93,Resting
Feb 16,3:30 PM,87,Resting
Feb 16,3:20 PM,81,Resting
Feb 16,3:10 PM,85,Resting
Feb 16,2:50 PM,100,Resting
Feb 16,2:31 PM,90,Resting
Feb 16,2:20 PM,88,Resting
Feb 16,2:10 PM,92,Resting
Feb 16,2:00 PM,100,Resting
Feb 16,1:50 PM,98,Resting
Feb 16,1:40 PM,92,General
Feb 16,1:30 PM,99,Resting
Feb 16,1:20 PM,96,Resting
Feb 16,1:10 PM,99,Resting
Feb 16,1:00 PM,103,Resting
Feb 16,12:50 PM,99,Resting
Feb 16,12:40 PM,99,Resting
Feb 16,12:40 AM,104,Resting
Feb 16,12:30 AM,110,Resting
Feb 16,12:20 AM,102,Resting
Feb 16,12:10 AM,111,Resting
Feb 16,12:00 AM,103,Resting
Feb 15,11:40 PM,105,Resting
Feb 15,11:30 PM,103,General
Feb 15,11:10 PM,107,Resting
Feb 15,11:00 PM,111,Resting
Feb 15,10:50 PM,107,Resting
Feb 15,10:40 PM,112,Resting
Feb 15,10:30 PM,110,Resting
Feb 15,10:20 PM,113,Resting
Feb 15,10:11 PM,127,Resting
Feb 15,8:30 PM,97,General
Feb 15,8:20 PM,101,Resting
Feb 15,8:10 PM,101,General
Feb 15,5:20 PM,130,General
Feb 15,3:50 PM,106,Resting
Feb 15,3:40 PM,109,Resting
Feb 15,3:30 PM,105,General
Feb 15,3:10 PM,102,Resting
Feb 15,3:00 PM,104,Resting
Feb 15,2:50 PM,104,Resting
Feb 15,2:40 PM,107,Resting
Feb 15,2:20 PM,109,Resting
Feb 15,1:10 PM,104,General
Feb 15,12:20 PM,100,Resting
Feb 15,12:10 PM,98,Resting
Feb 15,9:40 AM,108,General
Feb 15,9:00 AM,104,Resting
Feb 15,8:50 AM,104,Resting
Feb 15,12:10 AM,80,Resting
Feb 15,12:00 AM,86,Resting
Feb 14,11:50 PM,87,Resting
Feb 14,11:30 PM,89,Resting
Feb 14,11:20 PM,93,Resting
Feb 14,11:10 PM,88,Resting
Feb 14,10:40 PM,89,Resting
Feb 14,10:30 PM,85,Resting
Feb 14,10:20 PM,87,Resting
Feb 14,10:10 PM,97,Resting
Feb 14,10:00 PM,98,General
Feb 14,9:40 PM,106,Resting
Feb 14,9:30 PM,98,Resting
Feb 14,9:20 PM,95,Resting
Feb 14,9:00 PM,107,Resting
Feb 14,8:50 PM,99,Resting
Feb 14,8:40 PM,97,Resting
Feb 14,8:30 PM,99,Resting
Feb 14,8:20 PM,82,Resting
Feb 14,8:10 PM,81,Resting
Feb 14,7:50 PM,86,General
Feb 14,7:40 PM,90,Resting
Feb 14,7:13 PM,92,General
Feb 14,7:10 PM,88,Resting
Feb 14,7:00 PM,94,Resting
Feb 14,6:50 PM,94,General
Feb 14,6:00 PM,82,Resting
Feb 14,5:20 PM,99,Resting
Feb 14,4:40 PM,98,Resting
Feb 14,3:50 PM,87,Resting
Feb 14,3:30 PM,87,Resting
Feb 14,3:20 PM,95,Resting
Feb 14,3:10 PM,87,Resting
Feb 14,2:20 PM,90,Resting
Feb 14,12:40 PM,93,General
Feb 14,12:20 PM,91,Resting
Feb 14,10:50 AM,83,Resting
Feb 14,10:40 AM,85,General
Feb 14,10:10 AM,88,Resting
Feb 14,10:00 AM,98,Resting
Feb 14,9:50 AM,92,Resting
Feb 14,9:31 AM,110,General
Feb 14,9:10 AM,101,Resting
Feb 14,9:00 AM,94,General
Feb 14,7:40 AM,71,Resting
Feb 14,7:30 AM,76,Resting
Feb 14,7:20 AM,62,Resting
Feb 14,7:10 AM,66,Resting
Feb 14,7:00 AM,65,Resting
Feb 14,6:50 AM,65,Resting
Feb 14,6:40 AM,64,Resting
Feb 14,6:30 AM,66,Resting
Feb 14,6:20 AM,69,Resting
Feb 14,6:10 AM,66,Resting
Feb 14,6:00 AM,69,Resting
Feb 14,5:50 AM,67,Resting
Feb 14,5:40 AM,63,Resting
Feb 14,5:30 AM,66,Resting
Feb 14,5:20 AM,61,Resting
Feb 14,5:10 AM,70,Resting
Feb 14,5:00 AM,74,Resting
Feb 14,4:50 AM,62,Resting
Feb 14,4:40 AM,61,Resting
Feb 14,4:30 AM,65,Resting
Feb 14,4:20 AM,64,Resting
Feb 14,4:10 AM,62,Resting
Feb 14,4:00 AM,66,Resting
Feb 14,3:50 AM,63,Resting
Feb 14,3:40 AM,69,Resting
Feb 14,3:30 AM,67,Resting
Feb 14,3:20 AM,68,Resting
Feb 14,3:10 AM,69,Resting
Feb 14,3:00 AM,67,Resting
Feb 14,2:50 AM,62,Resting
Feb 14,2:40 AM,66,Resting
Feb 14,2:30 AM,76,Resting
Feb 14,2:20 AM,67,Resting
Feb 14,2:10 AM,70,Resting
Feb 14,2:00 AM,71,Resting
Feb 14,1:50 AM,69,Resting
Feb 14,1:40 AM,70,Resting
Feb 14,1:30 AM,68,Resting
Feb 14,1:20 AM,80,Resting
Feb 14,1:10 AM,70,Resting
Feb 14,1:00 AM,72,Resting
Feb 14,12:50 AM,73,Resting
Feb 14,12:40 AM,73,Resting
Feb 14,12:30 AM,76,Resting
Feb 14,12:20 AM,79,General
Feb 14,12:10 AM,73,Resting
Feb 14,12:00 AM,78,Resting
Feb 13,11:41 PM,90,Resting
Feb 13,11:20 PM,84,Resting
Feb 13,11:10 PM,91,Resting
Feb 13,11:00 PM,96,Resting
Feb 13,10:40 PM,98,Resting
Feb 13,10:30 PM,93,Resting
Feb 13,10:20 PM,96,Resting
Feb 13,10:10 PM,93,Resting
Feb 13,8:40 PM,135,General
Feb 13,5:10 PM,117,Resting
Feb 13,10:00 AM,103,General
Feb 13,9:41 AM,101,General
Feb 13,9:30 AM,96,Resting
Feb 13,9:20 AM,90,Resting
Feb 13,9:10 AM,94,Resting
Feb 13,8:50 AM,93,Resting
Feb 13,8:40 AM,93,General
Feb 13,7:30 AM,76,Resting
Feb 13,7:20 AM,59,Resting
Feb 13,7:10 AM,65,Resting
Feb 13,7:00 AM,69,Resting
Feb 13,6:50 AM,81,General
Feb 13,6:40 AM,68,Resting
Feb 13,6:30 AM,71,Resting
Feb 13,6:20 AM,72,Resting
Feb 13,6:10 AM,70,Resting
Feb 13,6:00 AM,69,Resting
Feb 13,5:50 AM,69,Resting
Feb 13,5:40 AM,68,Resting
Feb 13,5:30 AM,71,Resting
Feb 13,5:20 AM,71,Resting
Feb 13,5:10 AM,77,General
Feb 13,5:01 AM,71,General
Feb 13,4:50 AM,78,Resting
Feb 13,4:40 AM,75,Resting
Feb 13,4:30 AM,70,Resting
Feb 13,4:20 AM,68,Resting
Feb 13,4:10 AM,71,Resting
Feb 13,4:00 AM,69,Resting
Feb 13,3:50 AM,70,Resting
Feb 13,3:40 AM,67,Resting
Feb 13,3:30 AM,69,Resting
Feb 13,3:20 AM,74,Resting
Feb 13,3:10 AM,76,Resting
Feb 13,3:00 AM,76,Resting
Feb 13,2:50 AM,76,Resting
Feb 13,2:40 AM,77,Resting
Feb 13,2:30 AM,77,Resting
Feb 13,2:20 AM,79,Resting
Feb 13,2:10 AM,83,Resting
Feb 13,2:00 AM,84,Resting
Feb 13,1:50 AM,88,Resting
Feb 13,1:40 AM,91,Resting
Feb 13,1:30 AM,97,General
Feb 13,1:20 AM,95,Resting
Feb 13,1:10 AM,99,Resting
Feb 13,1:00 AM,110,Resting
Feb 13,12:50 AM,100,Resting
Feb 13,12:40 AM,102,Resting
Feb 13,12:30 AM,106,Resting
Feb 13,12:20 AM,99,Resting
Feb 13,12:10 AM,107,Resting
Feb 13,12:00 AM,104,Resting
Feb 12,11:50 PM,117,General
Feb 12,9:30 PM,101,General
Feb 12,7:50 PM,97,Resting
Feb 12,7:31 PM,108,Resting
Feb 12,7:20 PM,101,Resting
Feb 12,6:50 PM,103,Resting
Feb 12,6:40 PM,104,Resting
Feb 12,6:30 PM,102,Resting
Feb 12,6:00 PM,99,General
Feb 12,5:50 PM,103,Resting
Feb 12,5:40 PM,104,General
Feb 12,3:20 PM,120,Resting
Feb 12,3:00 PM,115,Resting
Feb 12,2:50 PM,112,Resting
Feb 12,2:40 PM,113,Resting
Feb 12,2:20 PM,106,Resting
Feb 12,2:11 PM,102,General
Feb 12,2:00 PM,117,General
Feb 12,1:40 PM,87,Resting
Feb 12,12:10 PM,94,Resting
Feb 12,11:10 AM,108,Resting
Feb 12,11:00 AM,103,Resting
Feb 12,10:50 AM,106,Resting
Feb 12,10:40 AM,114,General
Feb 12,1:20 AM,94,Resting
Feb 12,1:10 AM,89,Resting
Feb 12,1:00 AM,92,Resting
Feb 12,12:50 AM,95,Resting
Feb 12,12:40 AM,94,Resting
Feb 12,12:20 AM,100,Resting
Feb 12,12:01 AM,95,General
Feb 11,11:50 PM,105,Resting
Feb 11,11:40 PM,104,Resting
Feb 11,11:30 PM,114,Resting
Feb 11,11:20 PM,108,Resting
Feb 11,11:11 PM,119,Resting
Feb 11,11:00 PM,111,General
Feb 11,10:50 PM,113,Resting
Feb 11,10:40 PM,107,Resting
Feb 11,10:30 PM,111,Resting
Feb 11,10:10 PM,111,General
Feb 11,9:30 PM,114,Resting
Feb 11,9:20 PM,98,General
Feb 11,8:00 PM,96,Resting
Feb 11,7:50 PM,94,Resting
Feb 11,7:30 PM,98,Resting
Feb 11,7:20 PM,107,Resting
Feb 11,7:10 PM,113,Resting
Feb 11,7:00 PM,103,Resting
Feb 11,6:50 PM,105,Resting
Feb 11,6:40 PM,112,Resting
Feb 11,5:40 PM,96,Resting
Feb 11,5:31 PM,102,Resting
Feb 11,4:40 PM,90,General
Feb 11,4:20 PM,109,Resting
Feb 11,4:10 PM,97,Resting
Feb 11,3:00 PM,105,General
Feb 11,2:40 PM,114,Resting
Feb 11,1:40 PM,106,Resting
Feb 11,1:30 PM,110,General
Feb 11,1:10 PM,86,Resting
Feb 11,1:00 PM,90,General
Feb 11,12:10 PM,98,Resting
Feb 11,12:00 PM,80,Resting
Feb 11,11:50 AM,94,Resting
Feb 11,11:20 AM,92,Resting
Feb 11,11:10 AM,92,Resting
Feb 11,10:40 AM,98,Resting
Feb 11,10:00 AM,84,Resting
Feb 11,9:50 AM,93,Resting
Feb 11,9:40 AM,97,General
Feb 11,9:10 AM,103,Resting
Feb 11,9:00 AM,106,Resting
Feb 11,8:50 AM,90,General
Feb 11,7:50 AM,73,Resting
Feb 11,7:40 AM,74,Resting
Feb 11,7:30 AM,64,Resting
Feb 11,7:20 AM,70,Resting
Feb 11,7:10 AM,71,General
Feb 11,7:00 AM,67,Resting
Feb 11,6:50 AM,67,Resting
Feb 11,6:40 AM,69,Resting
Feb 11,6:30 AM,65,Resting
Feb 11,6:20 AM,63,Resting
Feb 11,6:10 AM,70,Resting
Feb 11,6:00 AM,68,Resting
Feb 11,5:50 AM,71,Resting
Feb 11,5:40 AM,71,Resting
Feb 11,5:30 AM,61,Resting
Feb 11,5:20 AM,71,Resting
Feb 11,5:10 AM,70,Resting
Feb 11,5:00 AM,72,Resting
Feb 11,4:50 AM,71,Resting
Feb 11,4:40 AM,75,Resting
Feb 11,4:30 AM,73,Resting
Feb 11,4:20 AM,76,Resting
Feb 11,4:10 AM,77,Resting
Feb 11,4:00 AM,70,Resting
Feb 11,3:50 AM,74,Resting
Feb 11,3:40 AM,77,Resting
Feb 11,3:30 AM,75,Resting
Feb 11,3:20 AM,74,Resting
Feb 11,3:10 AM,77,Resting
Feb 11,3:00 AM,82,Resting
Feb 11,2:50 AM,78,Resting
Feb 11,2:40 AM,79,Resting
Feb 11,2:30 AM,83,Resting
Feb 11,2:20 AM,84,Resting
Feb 11,2:10 AM,85,Resting
Feb 11,2:00 AM,90,Resting
Feb 11,1:50 AM,83,Resting
Feb 11,1:40 AM,86,Resting
Feb 11,1:30 AM,86,Resting
Feb 11,1:20 AM,89,Resting
Feb 11,1:10 AM,101,Resting
Feb 11,1:00 AM,108,Resting
Feb 11,12:50 AM,112,Resting
Feb 11,12:40 AM,114,General
Feb 11,12:30 AM,113,Resting
Feb 11,12:20 AM,117,Resting
Feb 11,12:10 AM,130,Resting
Feb 10,9:00 PM,128,Resting
Feb 10,8:50 PM,127,Resting
Feb 10,8:40 PM,120,Resting
Feb 10,8:30 PM,102,General
Feb 10,7:40 PM,93,Resting
Feb 10,7:30 PM,93,General
Feb 10,5:40 PM,76,Resting
Feb 10,5:30 PM,95,Resting
Feb 10,5:20 PM,86,Resting
Feb 10,5:10 PM,78,General
Feb 10,5:00 PM,91,Resting
Feb 10,4:50 PM,87,Resting
Feb 10,4:40 PM,90,Resting
Feb 10,4:30 PM,96,Resting
Feb 10,4:10 PM,95,General
Feb 10,3:50 PM,105,Resting
Feb 10,3:30 PM,94,Resting
Feb 10,3:20 PM,86,Resting
Feb 10,3:10 PM,94,Resting
Feb 10,2:30 PM,95,Resting
Feb 10,2:20 PM,102,General
Feb 10,2:00 PM,104,Resting
Feb 10,1:50 PM,105,Resting
Feb 10,1:40 PM,107,Resting
Feb 10,1:30 PM,109,Resting
Feb 10,1:20 PM,113,Resting
Feb 10,1:10 PM,107,General
Feb 10,1:00 PM,102,Resting
Feb 10,12:50 PM,110,General
Feb 10,12:00 PM,93,Resting
Feb 10,11:50 AM,91,Resting
Feb 10,11:20 AM,80,General
Feb 9,10:40 PM,108,Resting
Feb 9,10:30 PM,89,Resting
Feb 9,10:20 PM,91,Resting
Feb 9,10:00 PM,87,Resting
Feb 9,9:20 PM,106,Resting
Feb 9,8:50 PM,101,Resting
Feb 9,8:10 PM,80,Resting
Feb 9,8:00 PM,78,Resting
Feb 9,7:40 PM,90,Resting
Feb 9,7:30 PM,73,Resting
Feb 9,7:20 PM,79,Resting
Feb 9,7:10 PM,73,Resting
Feb 9,6:40 PM,93,Resting
Feb 9,6:30 PM,96,Resting
Feb 9,6:00 PM,102,Resting
Feb 9,5:50 PM,92,Resting
Feb 9,5:20 PM,100,General
Feb 9,5:00 PM,92,Resting
Feb 9,4:50 PM,92,Resting
Feb 9,4:40 PM,80,Resting
Feb 9,4:30 PM,84,Resting
Feb 9,4:20 PM,83,General
Feb 9,4:00 PM,89,Resting
Feb 9,3:50 PM,85,Resting
Feb 9,3:40 PM,94,Resting
Feb 9,3:30 PM,72,General
Feb 9,3:20 PM,91,Resting
Feb 9,3:10 PM,75,Resting
Feb 9,3:00 PM,71,Resting
Feb 9,2:50 PM,79,Resting
Feb 9,2:40 PM,76,Resting
Feb 9,2:30 PM,85,Resting
Feb 9,2:20 PM,90,Resting
Feb 9,2:00 PM,111,Resting
Feb 9,1:50 PM,104,Resting
Feb 9,1:30 PM,97,General
Feb 9,1:23 PM,108,General
Feb 9,12:50 PM,109,Resting
Feb 9,12:40 PM,79,General
Feb 9,11:50 AM,72,Resting
Feb 9,11:40 AM,80,Resting
Feb 9,11:30 AM,71,Resting
Feb 9,11:20 AM,66,Resting
Feb 9,11:10 AM,72,Resting
Feb 9,11:00 AM,73,General
Feb 9,10:50 AM,72,Resting
Feb 9,10:40 AM,76,Resting
Feb 9,10:30 AM,80,Resting
Feb 9,10:10 AM,98,General
Feb 8,9:00 PM,101,Resting
Feb 8,8:50 PM,101,General
Feb 8,8:41 PM,99,General
Feb 8,8:10 PM,88,Resting
Feb 8,8:00 PM,79,Resting
Feb 8,7:50 PM,96,Resting
Feb 8,7:40 PM,95,Resting
Feb 8,7:00 PM,118,Resting
Feb 8,6:40 PM,116,Resting
Feb 8,6:30 PM,119,Resting
Feb 8,6:10 PM,116,General
Feb 8,4:50 PM,98,Resting
Feb 8,4:40 PM,88,Resting
Feb 8,3:50 PM,101,Resting
Feb 8,3:40 PM,83,Resting
Feb 8,3:30 PM,98,Resting
Feb 8,3:20 PM,88,Resting
Feb 8,3:10 PM,99,Resting
Feb 8,3:00 PM,66,Resting
Feb 8,1:40 PM,93,Resting
Feb 8,1:30 PM,91,Resting
Feb 8,1:20 PM,99,Resting
Feb 8,1:00 PM,82,Resting
Feb 8,12:50 PM,77,Resting
Feb 8,12:40 PM,78,General
Feb 8,12:20 PM,103,Resting
Feb 8,12:10 PM,87,Resting
Feb 8,12:00 PM,97,General
Feb 8,11:40 AM,92,Resting
Feb 8,11:10 AM,88,Resting
Feb 8,11:01 AM,93,Resting
Feb 8,10:40 AM,84,General
Feb 8,10:30 AM,99,Resting
Feb 8,10:21 AM,91,Resting
Feb 8,10:10 AM,95,Resting
Feb 8,9:50 AM,90,Resting
Feb 8,9:40 AM,89,General
Feb 8,9:20 AM,103,Resting
Feb 8,9:10 AM,106,Resting
Feb 8,9:00 AM,101,Resting
Feb 8,8:50 AM,101,General
Feb 8,12:40 AM,84,Resting
Feb 8,12:30 AM,94,Resting
Feb 8,12:10 AM,101,Resting
Feb 8,12:00 AM,92,Resting
Feb 7,11:50 PM,90,General
Feb 7,10:41 PM,106,General
Feb 7,9:40 PM,111,Resting
Feb 7,8:50 PM,96,General
Feb 7,8:30 PM,85,Resting
Feb 7,8:20 PM,75,Resting
Feb 7,8:10 PM,82,Resting
Feb 7,8:00 PM,83,Resting
Feb 7,7:50 PM,74,Resting
Feb 7,7:40 PM,69,General
Feb 7,5:40 PM,97,Resting
Feb 7,5:30 PM,104,Resting
Feb 7,5:10 PM,84,Resting
Feb 7,5:00 PM,98,Resting
Feb 7,4:50 PM,91,Resting
Feb 7,4:40 PM,91,Resting
Feb 7,4:30 PM,93,General
Feb 7,3:10 PM,106,Resting
Feb 7,2:30 PM,105,General
Feb 7,1:40 PM,97,Resting
Feb 7,1:30 PM,82,Resting
Feb 7,1:20 PM,89,Resting
Feb 7,1:10 PM,82,Resting
Feb 7,1:00 PM,84,Resting
Feb 7,12:51 PM,87,General
Feb 7,12:00 PM,75,Resting
Feb 7,11:10 AM,90,Resting
Feb 7,10:50 AM,80,Resting
Feb 7,10:40 AM,79,General
Feb 7,10:00 AM,77,Resting
Feb 7,9:50 AM,82,Resting
Feb 7,9:40 AM,88,General
Feb 7,9:20 AM,84,Resting
Feb 7,9:10 AM,102,Resting
Feb 7,9:00 AM,93,Resting
Feb 7,8:50 AM,95,Resting
Feb 7,8:40 AM,99,General
Feb 7,3:40 AM,81,Resting
Feb 7,3:30 AM,90,Resting
Feb 7,3:20 AM,87,Resting
Feb 7,3:10 AM,82,Resting
Feb 7,2:50 AM,92,Resting
Feb 7,2:40 AM,89,Resting
Feb 7,2:30 AM,84,Resting
Feb 7,2:10 AM,102,Resting
Feb 7,1:41 AM,96,Resting
Feb 6,11:30 PM,90,Resting
Feb 6,11:20 PM,87,Resting
Feb 6,11:10 PM,81,Resting
Feb 6,10:50 PM,95,Resting
Feb 6,10:40 PM,91,General
Feb 6,10:30 PM,80,Resting
Feb 6,10:21 PM,95,General
Feb 6,10:10 PM,89,Resting
Feb 6,9:50 PM,78,General
Feb 6,9:30 PM,107,General
Feb 6,9:10 PM,82,Resting
Feb 6,9:00 PM,83,Resting
Feb 6,8:50 PM,85,Resting
Feb 6,8:10 PM,93,Resting
Feb 6,7:50 PM,93,Resting
Feb 6,7:40 PM,93,Resting
Feb 6,7:20 PM,101,General
Feb 6,6:40 PM,104,Resting
Feb 6,6:30 PM,98,Resting
Feb 6,5:50 PM,97,General
Feb 6,5:30 PM,90,Resting
Feb 6,5:20 PM,88,Resting
Feb 6,5:10 PM,98,Resting
Feb 6,5:00 PM,101,Resting
Feb 6,4:50 PM,94,General
Feb 6,4:30 PM,110,General
Feb 6,3:20 PM,123,Resting
Feb 6,3:10 PM,118,Resting
Feb 6,2:30 PM,120,Resting
Feb 6,2:21 PM,122,Resting
Feb 6,1:40 PM,112,Resting
Feb 6,1:30 PM,109,Resting
Feb 6,1:00 PM,108,General
Feb 6,12:50 PM,78,Resting
Feb 6,12:40 PM,77,Resting
Feb 6,12:30 PM,71,General
Feb 6,11:40 AM,93,Resting
Feb 6,11:30 AM,75,General
Feb 6,11:20 AM,78,Resting
Feb 6,11:10 AM,95,Resting
Feb 6,11:00 AM,78,Resting
Feb 6,10:10 AM,84,Resting
Feb 6,9:40 AM,91,Resting
Feb 6,9:30 AM,105,Resting
Feb 6,9:10 AM,91,Resting
Feb 6,8:50 AM,94,Resting
Feb 6,8:20 AM,101,General
Feb 6,12:30 AM,92,Resting
Feb 6,12:20 AM,87,Resting
Feb 6,12:10 AM,100,Resting
Feb 6,12:00 AM,98,Resting
Feb 5,11:50 PM,97,Resting
Feb 5,11:40 PM,99,Resting
Feb 5,11:30 PM,102,Resting
Feb 5,11:20 PM,102,Resting
Feb 5,11:10 PM,104,Resting
Feb 5,10:10 PM,108,Resting
Feb 5,9:50 PM,112,General
Feb 5,9:21 PM,107,General
Feb 5,9:10 PM,100,Resting
Feb 5,9:00 PM,100,General
Feb 5,8:50 PM,104,Resting
Feb 5,8:40 PM,85,Resting
Feb 5,8:30 PM,87,Resting
Feb 5,8:20 PM,84,Resting
Feb 5,8:00 PM,80,Resting
Feb 5,7:30 PM,102,General
Feb 5,6:30 PM,100,Resting
Feb 5,6:10 PM,105,General
Feb 5,4:30 PM,105,General
Feb 5,3:50 PM,103,Resting
Feb 5,3:40 PM,112,Resting
Feb 5,3:20 PM,110,Resting
Feb 5,3:00 PM,110,Resting
Feb 5,2:50 PM,109,Resting
Feb 5,2:40 PM,113,Resting
Feb 5,2:30 PM,105,Resting
Feb 5,2:20 PM,114,General
Feb 5,2:12 PM,119,General
Feb 5,2:00 PM,117,Resting
Feb 5,1:50 PM,118,Resting
Feb 5,1:40 PM,115,General
Feb 5,1:30 PM,106,Resting
Feb 5,1:20 PM,95,Resting
Feb 5,1:10 PM,97,Resting
Feb 5,12:50 PM,97,General
Feb 5,12:20 PM,80,Resting
Feb 5,12:10 PM,98,Resting
Feb 5,12:00 PM,88,Resting
Feb 5,11:50 AM,88,Resting
Feb 5,11:40 AM,102,Resting
Feb 5,11:00 AM,90,Resting
Feb 5,10:31 AM,121,General
Feb 5,12:50 AM,83,Resting
Feb 5,12:40 AM,90,Resting
Feb 5,12:30 AM,84,Resting
Feb 5,12:20 AM,85,Resting
Feb 5,12:10 AM,82,General
Feb 5,12:03 AM,83,General
Feb 4,11:40 PM,82,Resting
Feb 4,11:30 PM,85,Resting
Feb 4,11:20 PM,83,Resting
Feb 4,11:10 PM,83,Resting
Feb 4,11:00 PM,90,Resting
Feb 4,10:50 PM,98,Resting
Feb 4,10:40 PM,102,Resting
Feb 4,10:00 PM,99,Resting
Feb 4,9:50 PM,90,Resting
Feb 4,9:40 PM,96,Resting
Feb 4,9:30 PM,100,Resting
Feb 4,9:20 PM,104,Resting
Feb 4,8:50 PM,108,Resting
Feb 4,8:40 PM,105,Resting
Feb 4,8:30 PM,96,Resting
Feb 4,8:20 PM,93,Resting
Feb 4,8:10 PM,87,General
Feb 4,7:10 PM,101,Resting
Feb 4,7:00 PM,96,Resting
Feb 4,6:50 PM,108,Resting
Feb 4,6:40 PM,99,Resting
Feb 4,6:30 PM,108,Resting
Feb 4,6:20 PM,99,Resting
Feb 4,6:10 PM,117,General
Feb 4,5:30 PM,100,Resting
Feb 4,5:20 PM,92,Resting
Feb 4,5:10 PM,91,General
Feb 4,4:40 PM,95,Resting
Feb 4,4:30 PM,97,Resting
Feb 4,4:21 PM,104,General
Feb 4,3:30 PM,111,Resting
Feb 4,3:00 PM,106,General
Feb 4,2:40 PM,108,General
Feb 4,2:00 PM,108,Resting
Feb 4,1:40 PM,95,Resting
Feb 4,1:30 PM,91,Resting
Feb 4,1:11 PM,94,General
Feb 4,1:00 PM,86,Resting
Feb 4,12:10 PM,91,Resting
Feb 4,11:51 AM,93,Resting
Feb 4,11:10 AM,90,Resting
Feb 4,11:00 AM,97,Resting
Feb 4,10:50 AM,98,Resting
Feb 4,10:10 AM,105,Resting
Feb 4,10:00 AM,99,Resting
Feb 4,9:50 AM,107,Resting
Feb 4,9:40 AM,109,Resting
Feb 4,9:30 AM,121,General
Feb 4,9:20 AM,125,Resting
Feb 4,9:00 AM,115,Resting
Feb 4,8:50 AM,111,Resting
Feb 4,12:21 AM,100,General
Feb 4,12:10 AM,91,Resting
Feb 4,12:00 AM,101,Resting
Feb 3,11:50 PM,94,Resting
Feb 3,8:31 PM,105,General
Feb 3,8:20 PM,89,Resting
Feb 3,8:10 PM,94,Resting
Feb 3,8:00 PM,97,General
Feb 3,7:40 PM,83,Resting
Feb 3,7:30 PM,80,Resting
Feb 3,7:20 PM,96,Resting
Feb 3,7:10 PM,93,Resting
Feb 3,7:00 PM,96,Resting
Feb 3,6:50 PM,98,Resting
Feb 3,6:40 PM,93,Resting
Feb 3,6:30 PM,103,Resting
Feb 3,6:20 PM,92,Resting
Feb 3,6:00 PM,104,Resting
Feb 3,5:50 PM,93,Resting
Feb 3,5:40 PM,96,Resting
Feb 3,5:30 PM,94,Resting
Feb 3,5:10 PM,99,Resting
Feb 3,5:00 PM,109,General
Feb 3,4:50 PM,109,Resting
Feb 3,4:40 PM,98,Resting
Feb 3,4:30 PM,103,Resting
Feb 3,4:20 PM,94,Resting
Feb 3,4:10 PM,101,Resting
Feb 3,4:00 PM,102,Resting
Feb 3,3:40 PM,111,General
Feb 3,3:20 PM,111,Resting
Feb 3,3:10 PM,114,Resting
Feb 3,3:00 PM,105,General
Feb 3,2:30 PM,94,General
Feb 3,2:20 PM,86,Resting
Feb 3,2:10 PM,83,Resting
Feb 3,1:40 PM,79,Resting
Feb 3,1:20 PM,75,General
Feb 3,1:10 PM,83,Resting
Feb 3,12:50 PM,104,Resting
Feb 3,12:40 PM,84,Resting
Feb 3,12:30 PM,76,Resting
Feb 3,12:20 PM,81,Resting
Feb 3,12:10 PM,85,Resting
Feb 3,12:00 PM,89,Resting
Feb 3,11:51 AM,93,Resting
Feb 3,10:30 AM,79,Resting
Feb 3,10:20 AM,96,Resting
Feb 3,10:10 AM,88,Resting
Feb 3,10:00 AM,88,Resting
Feb 3,9:40 AM,80,Resting
Feb 3,9:30 AM,69,Resting
Feb 3,1:50 AM,76,Resting
Feb 3,1:40 AM,72,Resting
Feb 3,1:30 AM,77,Resting
Feb 3,1:20 AM,79,Resting
Feb 3,1:00 AM,84,Resting
Feb 3,12:50 AM,82,Resting
Feb 3,12:40 AM,82,Resting
Feb 3,12:30 AM,82,Resting
Feb 3,12:20 AM,87,General
Feb 3,12:01 AM,96,General
Feb 2,11:20 PM,88,Resting
Feb 2,10:00 PM,104,General
Feb 2,9:20 PM,91,Resting
Feb 2,8:50 PM,110,Resting
Feb 2,8:30 PM,77,Resting
Feb 2,8:20 PM,83,Resting
Feb 2,8:00 PM,96,General
Feb 2,7:50 PM,81,Resting
Feb 2,7:40 PM,79,Resting
Feb 2,7:00 PM,94,Resting
Feb 2,5:40 PM,86,Resting
Feb 2,4:30 PM,82,Resting
Feb 2,4:20 PM,82,Resting
Feb 2,4:00 PM,93,Resting
Feb 2,3:51 PM,74,Resting
Feb 2,3:40 PM,72,Resting
Feb 2,3:30 PM,94,Resting
Feb 2,3:20 PM,62,General
Feb 2,3:00 PM,70,Resting
Feb 2,2:50 PM,99,Resting
Feb 2,2:40 PM,98,Resting
Feb 2,2:30 PM,79,General
Feb 2,2:21 PM,77,Resting
Feb 2,2:10 PM,68,Resting
Feb 2,2:00 PM,73,Resting
Feb 2,1:50 PM,73,Resting
Feb 2,1:40 PM,66,Resting
Feb 2,1:30 PM,74,Resting
Feb 2,1:20 PM,76,Resting
Feb 2,1:10 PM,80,Resting
Feb 2,1:00 PM,75,General
Feb 2,9:20 AM,55,Resting
Feb 2,9:10 AM,63,Resting
Feb 2,9:00 AM,68,Resting
Feb 2,8:50 AM,55,Resting
Feb 2,8:40 AM,61,Resting
Feb 2,8:30 AM,58,Resting
Feb 2,8:20 AM,61,Resting
Feb 2,8:10 AM,64,Resting
Feb 2,8:00 AM,65,Resting
Feb 2,7:50 AM,63,Resting
Feb 2,7:40 AM,56,Resting
Feb 2,7:30 AM,64,Resting
Feb 2,7:20 AM,67,Resting
Feb 2,7:10 AM,62,Resting
Feb 2,7:01 AM,57,Resting
Feb 2,6:50 AM,63,Resting
Feb 2,6:40 AM,66,Resting
Feb 2,6:30 AM,63,Resting
Feb 2,6:20 AM,60,Resting
Feb 2,6:10 AM,62,Resting
Feb 2,6:00 AM,64,Resting
Feb 2,5:50 AM,67,Resting
Feb 2,5:40 AM,66,Resting
Feb 2,5:30 AM,64,Resting
Feb 2,5:20 AM,59,Resting
Feb 2,5:10 AM,64,Resting
Feb 2,5:00 AM,62,Resting
Feb 2,4:50 AM,61,Resting
Feb 2,4:40 AM,68,Resting
Feb 2,4:30 AM,65,Resting
Feb 2,4:20 AM,66,Resting
Feb 2,4:10 AM,61,Resting
Feb 2,4:00 AM,60,Resting
Feb 2,3:50 AM,60,Resting
Feb 2,3:40 AM,70,Resting
Feb 2,3:30 AM,69,Resting
Feb 2,3:20 AM,73,Resting
Feb 2,3:10 AM,74,Resting
Feb 2,3:00 AM,70,Resting
Feb 2,2:50 AM,73,Resting
Feb 2,2:40 AM,72,Resting
Feb 2,2:30 AM,71,Resting
Feb 2,2:20 AM,74,Resting
Feb 2,2:10 AM,74,Resting
Feb 2,2:00 AM,74,Resting
Feb 2,1:50 AM,75,Resting
Feb 2,1:40 AM,71,Resting
Feb 2,1:30 AM,79,Resting
Feb 2,1:20 AM,77,Resting
Feb 2,1:10 AM,78,Resting
Feb 2,1:00 AM,83,Resting
Feb 2,12:50 AM,81,Resting
Feb 2,12:40 AM,88,Resting
Feb 2,12:30 AM,85,Resting
Feb 2,12:20 AM,87,Resting
Feb 2,12:10 AM,88,Resting
Feb 1,11:50 PM,94,Resting
Feb 1,11:40 PM,89,Resting
Feb 1,11:20 PM,96,Resting
Feb 1,11:00 PM,99,Resting
Feb 1,9:50 PM,120,Resting
Feb 1,9:30 PM,120,Resting
Feb 1,9:20 PM,104,Resting
Feb 1,9:10 PM,108,Resting
Feb 1,8:40 PM,85,Resting
Feb 1,7:30 PM,99,General
Feb 1,7:00 PM,97,Resting
Feb 1,6:50 PM,94,Resting
Feb 1,6:40 PM,103,Resting
Feb 1,6:30 PM,97,Resting
Feb 1,6:20 PM,100,Resting
Feb 1,5:20 PM,74,Resting
Feb 1,5:10 PM,93,Resting
Feb 1,5:00 PM,74,Resting
Feb 1,4:40 PM,86,Resting
Feb 1,4:10 PM,101,Resting
Feb 1,4:00 PM,80,Resting
Feb 1,3:40 PM,86,Resting
Feb 1,3:20 PM,95,Resting
Feb 1,3:10 PM,94,Resting
Feb 1,3:00 PM,100,Resting
Feb 1,2:40 PM,108,Resting
Feb 1,2:30 PM,113,Resting
Feb 1,2:20 PM,103,Resting
Feb 1,2:10 PM,109,Resting
Feb 1,2:00 PM,101,General
Feb 1,1:50 PM,104,Resting
Feb 1,1:40 PM,76,Resting
Feb 1,1:30 PM,69,General
Feb 1,1:10 PM,78,Resting
Feb 1,1:00 PM,70,Resting
Feb 1,12:50 PM,73,Resting
Feb 1,12:30 PM,79,Resting
Feb 1,12:20 PM,76,General
Feb 1,12:10 PM,72,Resting
Feb 1,12:00 PM,69,Resting
Feb 1,11:30 AM,80,Resting
Feb 1,11:20 AM,73,General
Feb 1,11:10 AM,80,General
Feb 1,10:50 AM,83,General
Feb 1,10:10 AM,108,Resting
Feb 1,10:00 AM,101,Resting
Feb 1,9:50 AM,92,Resting
Feb 1,1:00 AM,74,Resting
Feb 1,12:50 AM,81,Resting
Feb 1,12:30 AM,75,Resting
Feb 1,12:20 AM,77,Resting
Feb 1,12:10 AM,84,Resting
Feb 1,12:00 AM,88,Resting
Jan 31,11:50 PM,86,Resting
Jan 31,11:40 PM,90,General
Jan 31,11:30 PM,84,Resting
Jan 31,11:20 PM,98,Resting
Jan 31,11:10 PM,91,Resting
Jan 31,11:00 PM,97,Resting
Jan 31,10:41 PM,92,Resting
Jan 31,10:30 PM,102,Resting
Jan 31,10:20 PM,108,Resting
Jan 31,10:10 PM,106,Resting
Jan 31,10:01 PM,97,Resting
Jan 31,9:50 PM,103,Resting
Jan 31,9:40 PM,97,Resting
Jan 31,9:31 PM,91,General
Jan 31,8:50 PM,93,General
Jan 31,8:40 PM,108,Resting
Jan 31,8:30 PM,88,Resting
Jan 31,8:20 PM,88,Resting
Jan 31,8:10 PM,93,General
Jan 31,5:30 PM,97,Resting
Jan 31,5:20 PM,101,Resting
Jan 31,5:00 PM,101,Resting
Jan 31,4:50 PM,99,Resting
Jan 31,4:40 PM,113,General
Jan 31,4:30 PM,99,Resting
Jan 31,4:20 PM,114,Resting
Jan 31,4:02 PM,119,General
Jan 31,3:50 PM,110,Resting
Jan 31,3:40 PM,120,Resting
Jan 31,3:30 PM,115,Resting
Jan 31,3:10 PM,118,Resting
Jan 31,2:50 PM,127,Resting
Jan 31,2:10 PM,125,General
Jan 31,1:50 PM,104,Resting
Jan 31,1:30 PM,108,Resting
Jan 31,12:10 PM,91,Resting
Jan 31,11:50 AM,100,General
Jan 31,11:20 AM,86,Resting
Jan 31,11:10 AM,94,Resting
Jan 31,11:00 AM,90,Resting
Jan 31,10:20 AM,90,Resting
Jan 31,10:10 AM,92,Resting
Jan 31,9:50 AM,89,Resting
Jan 31,9:40 AM,102,Resting
Jan 31,9:30 AM,100,Resting
Jan 31,9:20 AM,90,Resting
Jan 31,9:10 AM,107,Resting
Jan 31,8:50 AM,102,General
Jan 30,9:20 PM,100,Resting
Jan 30,9:10 PM,103,Resting
Jan 30,8:50 PM,98,Resting
Jan 30,8:40 PM,100,General
Jan 30,8:20 PM,100,Resting
Jan 30,7:50 PM,93,Resting
Jan 30,7:40 PM,103,Resting
Jan 30,7:30 PM,96,Resting
Jan 30,7:20 PM,98,Resting
Jan 30,6:50 PM,103,Resting
Jan 30,6:20 PM,111,Resting
Jan 30,5:40 PM,105,General
Jan 30,5:20 PM,107,Resting
Jan 30,5:10 PM,98,Resting
Jan 30,5:00 PM,103,Resting
Jan 30,4:50 PM,98,General
Jan 30,4:31 PM,107,General
Jan 30,3:40 PM,131,Resting
Jan 30,3:01 PM,124,Resting
Jan 30,2:50 PM,123,Resting
Jan 30,2:40 PM,122,Resting
Jan 30,2:30 PM,120,Resting
Jan 30,1:50 PM,109,General
Jan 30,1:00 PM,94,Resting
Jan 30,12:10 PM,86,Resting
Jan 30,12:00 PM,97,Resting
Jan 30,11:40 AM,81,General
Jan 30,11:10 AM,99,Resting
Jan 30,11:00 AM,81,Resting
Jan 30,10:50 AM,95,Resting
Jan 30,10:40 AM,84,Resting
Jan 30,10:10 AM,91,Resting
Jan 30,9:50 AM,96,Resting
Jan 30,9:40 AM,102,Resting
Jan 30,9:30 AM,115,Resting
Jan 30,9:20 AM,106,Resting
Jan 30,9:10 AM,101,Resting
Jan 30,9:00 AM,111,Resting
Jan 30,1:20 AM,77,Resting
Jan 30,1:10 AM,77,Resting
Jan 30,1:00 AM,76,Resting
Jan 30,12:50 AM,75,Resting
Jan 30,12:40 AM,83,Resting
Jan 30,12:30 AM,85,Resting
Jan 30,12:20 AM,81,Resting
Jan 30,12:10 AM,90,Resting
Jan 29,11:40 PM,79,Resting
Jan 29,11:30 PM,86,Resting
Jan 29,11:21 PM,82,Resting
Jan 29,11:10 PM,83,Resting
Jan 29,10:50 PM,93,Resting
Jan 29,10:40 PM,93,Resting
Jan 29,10:30 PM,94,Resting
Jan 29,10:20 PM,104,General
Jan 29,10:00 PM,83,Resting
Jan 29,9:40 PM,84,Resting
Jan 29,9:20 PM,93,Resting
Jan 29,9:00 PM,76,Resting
Jan 29,8:50 PM,86,Resting
Jan 29,8:10 PM,92,Resting
Jan 29,8:00 PM,97,Resting
Jan 29,7:50 PM,101,Resting
Jan 29,7:40 PM,96,Resting
Jan 29,7:30 PM,96,Resting
Jan 29,6:31 PM,101,General
Jan 29,6:20 PM,92,Resting
Jan 29,6:10 PM,93,General
Jan 29,5:50 PM,100,General
Jan 29,5:30 PM,92,Resting
Jan 29,5:21 PM,104,General
Jan 29,3:00 PM,112,Resting
Jan 29,2:50 PM,120,Resting
Jan 29,2:40 PM,107,Resting
Jan 29,2:30 PM,110,Resting
Jan 29,2:10 PM,112,General
Jan 29,1:30 PM,89,Resting
Jan 29,1:20 PM,66,General
Jan 29,12:50 PM,79,Resting
Jan 29,12:30 PM,85,Resting
Jan 29,12:20 PM,73,Resting
Jan 29,11:30 AM,70,Resting
Jan 29,10:50 AM,75,General
Jan 29,12:20 AM,108,General
Jan 28,4:30 PM,94,General
Jan 28,3:30 PM,96,Resting
Jan 28,3:20 PM,100,Resting
Jan 28,3:10 PM,107,General
Jan 28,2:10 PM,90,General
Jan 28,1:40 PM,97,Resting
Jan 28,1:30 PM,105,Resting
Jan 28,1:20 PM,101,Resting
Jan 28,1:10 PM,91,General
Jan 28,12:40 PM,81,General
Jan 28,12:20 PM,74,Resting
Jan 28,12:00 PM,87,Resting
Jan 28,11:40 AM,86,Resting
Jan 28,11:20 AM,78,Resting
Jan 28,11:10 AM,87,Resting
Jan 28,10:50 AM,99,Resting
Jan 28,10:40 AM,105,Resting
Jan 28,10:20 AM,97,Resting
Jan 28,10:10 AM,82,Resting
Jan 28,10:00 AM,90,Resting
Jan 28,9:40 AM,90,Resting
Jan 28,9:30 AM,97,General
Jan 28,9:10 AM,90,Resting
Jan 28,9:00 AM,100,Resting
Jan 28,8:50 AM,86,Resting
Jan 27,11:40 PM,118,General
Jan 27,4:30 PM,109,General
Jan 27,1:50 PM,94,Resting
Jan 27,1:40 PM,106,General
Jan 27,1:10 PM,82,Resting
Jan 27,1:00 PM,90,Resting
Jan 27,12:50 PM,90,Resting
Jan 27,12:10 PM,93,Resting
Jan 27,12:00 PM,90,Resting
Jan 27,11:50 AM,84,Resting
Jan 27,11:40 AM,95,Resting
Jan 27,11:30 AM,102,Resting
Jan 27,12:10 AM,121,Resting
Jan 26,7:51 PM,96,General
Jan 26,7:30 PM,98,General
Jan 26,5:50 PM,74,Resting
Jan 26,5:40 PM,64,Resting
Jan 26,5:30 PM,63,Resting
Jan 26,5:20 PM,67,Resting
Jan 26,5:10 PM,82,Resting
Jan 26,5:00 PM,77,Resting
Jan 26,4:50 PM,72,General
Jan 26,4:30 PM,78,Resting
Jan 26,4:20 PM,92,Resting
Jan 26,4:10 PM,91,Resting
Jan 26,4:00 PM,93,General
Jan 26,2:10 PM,102,General
Jan 26,1:52 PM,108,General
Jan 26,1:21 PM,102,General
Jan 26,11:50 AM,89,Resting
Jan 26,11:40 AM,77,General
Jan 26,11:10 AM,80,Resting
Jan 26,11:00 AM,88,Resting
Jan 26,10:50 AM,78,Resting
Jan 25,8:00 PM,85,Resting
Jan 25,7:40 PM,95,General
Jan 25,7:31 PM,96,Resting
Jan 25,7:20 PM,101,General
Jan 25,6:50 PM,93,Resting
Jan 25,6:40 PM,99,Resting
Jan 25,6:30 PM,102,Resting
Jan 25,6:20 PM,104,Resting
Jan 25,5:40 PM,97,General
Jan 25,5:30 PM,112,Resting
Jan 25,5:20 PM,112,General
Jan 25,5:10 PM,91,Resting
Jan 25,5:00 PM,79,Resting
Jan 25,4:50 PM,82,General
Jan 25,4:40 PM,88,General
Jan 25,4:30 PM,89,Resting
Jan 25,4:00 PM,94,Resting
Jan 25,3:50 PM,90,Resting
Jan 25,3:10 PM,96,Resting
Jan 25,2:50 PM,93,Resting
Jan 25,2:40 PM,98,Resting
Jan 25,2:30 PM,95,Resting
Jan 25,2:20 PM,97,General
Jan 25,11:50 AM,97,Resting
Jan 25,11:40 AM,90,General
Jan 25,11:20 AM,80,Resting
Jan 25,11:00 AM,88,Resting
Jan 25,10:50 AM,79,Resting
Jan 25,10:40 AM,75,General
Jan 25,10:00 AM,68,Resting
Jan 25,9:50 AM,86,Resting
Jan 25,9:40 AM,91,Resting
Jan 25,9:20 AM,102,Resting
Jan 25,8:50 AM,93,Resting
Jan 25,8:40 AM,113,General
Jan 25,8:32 AM,85,General
Jan 24,11:30 PM,84,Resting
Jan 24,11:20 PM,91,Resting
Jan 24,11:10 PM,91,Resting
Jan 24,11:00 PM,97,Resting
Jan 24,10:50 PM,99,Resting
Jan 24,10:40 PM,110,Resting
Jan 24,10:10 PM,108,Resting
Jan 24,10:00 PM,111,Resting
Jan 24,9:50 PM,106,Resting
Jan 24,9:40 PM,104,Resting
Jan 24,9:20 PM,104,General
Jan 24,7:51 PM,121,General
Jan 24,6:10 PM,143,General
Jan 24,3:50 PM,113,Resting
Jan 24,3:40 PM,117,Resting
Jan 24,3:00 PM,107,Resting
Jan 24,2:50 PM,115,Resting
Jan 24,2:30 PM,125,Resting
Jan 24,2:10 PM,129,General
Jan 24,1:50 PM,106,Resting
Jan 24,1:40 PM,106,Resting
Jan 24,1:30 PM,110,Resting
Jan 24,1:21 PM,120,General
Jan 24,1:11 PM,96,Resting
Jan 24,12:10 PM,97,Resting
Jan 24,12:00 PM,99,Resting
Jan 24,11:50 AM,90,Resting
Jan 24,11:40 AM,83,General
Jan 24,11:20 AM,83,Resting
Jan 24,11:00 AM,92,Resting
Jan 24,10:50 AM,95,Resting
Jan 24,10:10 AM,93,Resting
Jan 24,10:00 AM,99,Resting
Jan 24,9:50 AM,92,Resting
Jan 24,9:20 AM,99,Resting
Jan 24,9:10 AM,97,Resting
Jan 24,9:00 AM,99,Resting
Jan 24,8:50 AM,84,General
Jan 24,2:40 AM,80,Resting
Jan 24,2:30 AM,81,Resting
Jan 24,2:20 AM,89,Resting
Jan 24,2:10 AM,81,Resting
Jan 24,2:01 AM,82,Resting
Jan 24,1:51 AM,96,Resting
Jan 24,1:40 AM,88,Resting
Jan 24,1:30 AM,81,Resting
Jan 24,1:20 AM,85,Resting
Jan 24,1:10 AM,86,Resting
Jan 24,1:00 AM,88,Resting
Jan 24,12:50 AM,92,General
Jan 24,12:30 AM,90,Resting
Jan 24,12:20 AM,85,Resting
Jan 24,12:10 AM,89,Resting
Jan 24,12:00 AM,89,Resting
Jan 23,11:50 PM,86,Resting
Jan 23,11:30 PM,89,Resting
Jan 23,11:20 PM,87,Resting
Jan 23,11:10 PM,94,Resting
Jan 23,11:00 PM,94,Resting
Jan 23,10:50 PM,96,Resting
Jan 23,10:40 PM,97,Resting
Jan 23,10:30 PM,103,Resting
Jan 23,10:20 PM,107,Resting
Jan 23,10:10 PM,100,Resting
Jan 23,10:00 PM,105,Resting
Jan 23,9:50 PM,105,Resting
Jan 23,9:40 PM,109,Resting
Jan 23,9:30 PM,97,Resting
Jan 23,9:20 PM,105,Resting
Jan 23,9:10 PM,107,General
Jan 23,8:50 PM,96,Resting
Jan 23,8:40 PM,83,General
Jan 23,8:10 PM,103,Resting
Jan 23,8:00 PM,103,Resting
Jan 23,7:30 PM,93,General
Jan 23,7:00 PM,101,Resting
Jan 23,6:50 PM,106,Resting
Jan 23,6:40 PM,100,Resting
Jan 23,6:30 PM,106,Resting
Jan 23,6:20 PM,101,Resting
Jan 23,6:10 PM,108,General
Jan 23,5:40 PM,116,General
Jan 23,5:30 PM,96,General
Jan 23,5:00 PM,107,Resting
Jan 23,4:30 PM,110,General
Jan 23,4:20 PM,111,General
Jan 23,3:30 PM,122,Resting
Jan 23,3:10 PM,127,Resting
Jan 23,3:00 PM,143,Resting
Jan 23,2:50 PM,128,Resting
Jan 23,2:40 PM,127,Resting
Jan 23,2:30 PM,136,Resting
Jan 23,1:10 PM,122,General
Jan 23,12:40 PM,121,Resting
Jan 23,12:30 PM,116,General
Jan 23,12:20 PM,100,Resting
Jan 23,12:10 PM,90,Resting
Jan 23,12:00 PM,94,Resting
Jan 23,11:40 AM,100,Resting
Jan 23,11:10 AM,94,Resting
Jan 23,10:40 AM,98,Resting
Jan 23,9:30 AM,107,Resting
Jan 23,9:10 AM,107,Resting
Jan 23,9:00 AM,111,Resting
Jan 23,8:40 AM,105,General
Jan 23,8:32 AM,114,General
Jan 23,12:30 AM,87,Resting
Jan 23,12:10 AM,91,Resting
Jan 23,12:00 AM,91,Resting
Jan 22,11:50 PM,91,Resting
Jan 22,11:40 PM,91,Resting
Jan 22,11:30 PM,94,Resting
Jan 22,11:10 PM,98,Resting
Jan 22,11:00 PM,91,General
Jan 22,10:50 PM,93,Resting
Jan 22,10:40 PM,101,Resting
Jan 22,10:30 PM,100,Resting
Jan 22,10:20 PM,100,Resting
Jan 22,10:10 PM,114,Resting
Jan 22,9:50 PM,109,Resting
Jan 22,9:30 PM,113,Resting
Jan 22,9:20 PM,109,Resting
Jan 22,9:10 PM,110,Resting
Jan 22,9:00 PM,110,Resting
Jan 22,8:40 PM,118,Resting
Jan 22,8:31 PM,109,General
Jan 22,8:10 PM,106,Resting
Jan 22,8:00 PM,104,Resting
Jan 22,7:20 PM,105,General
Jan 22,6:50 PM,103,Resting
Jan 22,6:10 PM,108,Resting
Jan 22,6:00 PM,104,General
Jan 22,5:10 PM,112,Resting
Jan 22,5:00 PM,104,General
Jan 22,4:50 PM,114,Resting
Jan 22,4:40 PM,116,Resting
Jan 22,4:30 PM,105,General
Jan 22,3:40 PM,122,Resting
Jan 22,3:20 PM,113,Resting
Jan 22,3:10 PM,120,Resting
Jan 22,3:00 PM,125,Resting
Jan 22,2:50 PM,116,Resting
Jan 22,2:30 PM,129,Resting
Jan 22,1:30 PM,101,Resting
Jan 22,12:40 PM,105,Resting
Jan 22,12:30 PM,100,Resting
Jan 22,11:10 AM,104,Resting
Jan 22,11:00 AM,105,Resting
Jan 22,10:50 AM,108,Resting
Jan 22,2:40 AM,82,Resting
Jan 22,2:20 AM,104,Resting
Jan 22,2:00 AM,80,Resting
Jan 22,1:50 AM,99,Resting
Jan 22,1:40 AM,90,Resting
Jan 22,1:30 AM,125,Resting
Jan 22,1:20 AM,159,Resting
Jan 22,1:10 AM,113,Resting
Jan 22,1:00 AM,70,Resting
Jan 22,12:30 AM,87,Resting
Jan 22,12:20 AM,86,Resting
Jan 22,12:10 AM,91,Resting
Jan 22,12:00 AM,87,Resting
Jan 21,11:50 PM,87,Resting
Jan 21,11:40 PM,88,Resting
Jan 21,11:30 PM,91,Resting
Jan 21,11:21 PM,93,General
Jan 21,11:10 PM,94,Resting
Jan 21,11:00 PM,94,Resting
Jan 21,10:50 PM,103,Resting
Jan 21,10:40 PM,108,Resting
Jan 21,10:10 PM,107,Resting
Jan 21,9:50 PM,108,Resting
Jan 21,9:40 PM,99,General
Jan 21,9:00 PM,100,Resting
Jan 21,8:50 PM,101,Resting
Jan 21,8:40 PM,103,General
Jan 21,7:40 PM,99,Resting
Jan 21,7:20 PM,111,Resting
Jan 21,6:50 PM,115,Resting
Jan 21,6:40 PM,107,Resting
Jan 21,6:30 PM,103,Resting
Jan 21,5:30 PM,94,Resting
Jan 21,5:21 PM,87,Resting
Jan 21,5:10 PM,95,Resting
Jan 21,5:00 PM,98,Resting
Jan 21,3:41 PM,112,Resting
Jan 21,3:30 PM,112,Resting
Jan 21,3:00 PM,104,Resting
Jan 21,1:40 PM,97,Resting
Jan 21,1:30 PM,98,Resting
Jan 21,1:20 PM,115,Resting
Jan 21,1:10 PM,116,General
Jan 21,1:00 PM,94,Resting
Jan 21,12:50 PM,98,General
Jan 21,12:10 PM,105,Resting
Jan 21,12:00 PM,94,Resting
Jan 21,11:20 AM,100,Resting
Jan 21,11:10 AM,109,Resting
Jan 21,10:50 AM,112,Resting
Jan 21,10:40 AM,119,Resting
Jan 21,9:51 AM,112,Resting
Jan 21,9:30 AM,101,General
Jan 21,9:20 AM,101,Resting
Jan 21,9:10 AM,93,Resting
Jan 21,9:00 AM,90,Resting
Jan 21,8:50 AM,88,General
Jan 21,1:20 AM,85,Resting
Jan 21,1:10 AM,92,Resting
Jan 21,1:00 AM,90,Resting
Jan 21,12:50 AM,91,Resting
Jan 21,12:30 AM,94,Resting
Jan 21,12:20 AM,92,Resting
Jan 21,12:10 AM,78,General
Jan 21,12:00 AM,87,Resting
Jan 20,11:50 PM,96,Resting
Jan 20,11:40 PM,96,Resting
Jan 20,11:20 PM,102,General
Jan 20,10:51 PM,119,General
Jan 20,9:50 PM,115,Resting
Jan 20,8:00 PM,102,Resting
Jan 20,7:31 PM,95,Resting
Jan 20,7:10 PM,97,Resting
Jan 20,7:00 PM,98,Resting
Jan 20,6:50 PM,101,Resting
Jan 20,6:40 PM,97,Resting
Jan 20,6:10 PM,102,Resting
Jan 20,6:00 PM,103,Resting
Jan 20,5:40 PM,102,Resting
Jan 20,3:30 PM,115,General
Jan 20,3:00 PM,119,Resting
Jan 20,1:50 PM,107,Resting
Jan 20,1:40 PM,126,Resting
Jan 20,1:30 PM,107,Resting
Jan 20,1:20 PM,85,Resting
Jan 20,1:10 PM,91,Resting
Jan 20,1:00 PM,93,Resting
Jan 20,12:50 PM,79,General
Jan 20,12:20 PM,96,Resting
Jan 20,12:10 PM,100,Resting
Jan 20,12:00 PM,99,Resting
Jan 20,11:50 AM,99,Resting
Jan 20,11:40 AM,97,Resting
Jan 20,11:30 AM,96,Resting
Jan 20,1:30 AM,80,Resting
Jan 20,1:20 AM,73,Resting
Jan 20,1:10 AM,77,Resting
Jan 20,1:00 AM,75,Resting
Jan 20,12:30 AM,82,Resting
Jan 20,12:20 AM,90,Resting
Jan 20,12:10 AM,87,General
Jan 19,10:20 PM,92,General
Jan 19,10:10 PM,103,General
Jan 19,9:50 PM,88,Resting
Jan 19,9:40 PM,80,Resting
Jan 19,9:30 PM,89,Resting
Jan 19,9:20 PM,89,Resting
Jan 19,9:10 PM,87,Resting
Jan 19,9:00 PM,95,Resting
Jan 19,8:50 PM,92,Resting
Jan 19,8:40 PM,89,Resting
Jan 19,8:30 PM,86,Resting
Jan 19,8:20 PM,88,Resting
Jan 19,8:10 PM,91,Resting
Jan 19,7:50 PM,112,Resting
Jan 19,7:40 PM,99,Resting
Jan 19,7:30 PM,92,Resting
Jan 19,7:20 PM,85,Resting
Jan 19,7:10 PM,87,Resting
Jan 19,7:00 PM,85,Resting
Jan 19,6:50 PM,83,General
Jan 19,12:40 AM,80,Resting
Jan 19,12:30 AM,80,Resting
Jan 19,12:20 AM,85,Resting
Jan 19,12:10 AM,90,Resting
Jan 19,12:00 AM,87,Resting
Jan 18,11:50 PM,94,Resting
Jan 18,11:41 PM,94,Resting
Jan 18,11:30 PM,101,Resting
Jan 18,11:20 PM,99,Resting
Jan 18,11:10 PM,104,Resting
Jan 18,11:00 PM,100,Resting
Jan 18,10:40 PM,100,General
Jan 18,10:00 PM,111,Resting
Jan 18,9:40 PM,120,General
Jan 18,9:30 PM,108,Resting
Jan 18,8:50 PM,109,Resting
Jan 18,8:40 PM,102,General
Jan 18,8:10 PM,98,Resting
Jan 18,6:50 PM,99,Resting
Jan 18,6:40 PM,103,Resting
Jan 18,6:30 PM,104,Resting
Jan 18,6:20 PM,114,Resting
Jan 18,5:40 PM,102,Resting
Jan 18,5:30 PM,101,Resting
Jan 18,5:20 PM,101,Resting
Jan 18,5:10 PM,108,Resting
Jan 18,5:00 PM,107,Resting
Jan 18,4:50 PM,108,Resting
Jan 18,3:50 PM,111,Resting
Jan 18,3:31 PM,102,Resting
Jan 18,2:50 PM,105,Resting
Jan 18,2:40 PM,110,Resting
Jan 18,2:30 PM,110,Resting
Jan 18,2:20 PM,112,Resting
Jan 18,12:50 PM,127,Resting
Jan 18,12:40 PM,139,Resting
Jan 18,11:20 AM,85,Resting
Jan 18,11:10 AM,93,Resting
Jan 18,11:00 AM,102,Resting
Jan 18,10:40 AM,83,Resting
Jan 18,10:20 AM,82,Resting
Jan 18,10:10 AM,98,Resting
Jan 18,10:00 AM,98,Resting
Jan 18,9:50 AM,99,Resting
Jan 18,9:40 AM,102,Resting
Jan 18,8:50 AM,112,Resting
Jan 18,8:40 AM,123,General
Jan 18,12:00 AM,93,Resting
Jan 17,11:50 PM,93,Resting
Jan 17,11:40 PM,89,Resting
Jan 17,11:30 PM,93,Resting
Jan 17,11:10 PM,80,Resting
Jan 17,11:00 PM,96,Resting
Jan 17,10:50 PM,101,Resting
Jan 17,10:40 PM,97,Resting
Jan 17,10:20 PM,99,Resting
Jan 17,10:00 PM,98,Resting
Jan 17,9:50 PM,93,General
Jan 17,9:40 PM,100,General
Jan 17,7:40 PM,113,General
Jan 17,5:30 PM,107,Resting
Jan 17,5:20 PM,108,Resting
Jan 17,5:10 PM,114,Resting
Jan 17,4:50 PM,94,Resting
Jan 17,4:40 PM,92,Resting
Jan 17,4:30 PM,79,Resting
Jan 17,4:20 PM,77,Resting
Jan 17,4:10 PM,102,General
Jan 17,3:40 PM,99,Resting
Jan 17,3:30 PM,102,Resting
Jan 17,3:20 PM,94,Resting
Jan 17,3:11 PM,92,Resting
Jan 17,3:00 PM,95,Resting
Jan 17,2:50 PM,110,Resting
Jan 17,2:40 PM,99,Resting
Jan 17,2:30 PM,94,Resting
Jan 17,2:00 PM,99,General
Jan 17,1:20 PM,87,Resting
Jan 17,1:10 PM,102,Resting
Jan 17,1:00 PM,98,Resting
Jan 17,12:51 PM,101,Resting
Jan 17,12:40 PM,97,Resting
Jan 17,12:20 PM,97,General
Jan 17,12:10 PM,96,Resting
Jan 17,11:50 AM,92,General
Jan 17,11:10 AM,81,Resting
Jan 17,10:50 AM,82,Resting
Jan 17,10:10 AM,101,Resting
Jan 17,10:00 AM,98,Resting
Jan 17,9:40 AM,107,Resting
Jan 17,9:20 AM,106,Resting
Jan 17,9:10 AM,107,Resting
Jan 17,8:50 AM,99,General
Jan 17,12:40 AM,71,Resting
Jan 17,12:30 AM,78,General
Jan 17,12:20 AM,79,Resting
Jan 17,12:10 AM,79,Resting
Jan 17,12:00 AM,80,Resting
Jan 16,11:50 PM,78,Resting
Jan 16,11:41 PM,94,Resting
Jan 16,11:30 PM,92,Resting
Jan 16,11:20 PM,89,Resting
Jan 16,11:10 PM,99,Resting
Jan 16,10:50 PM,94,Resting
Jan 16,10:40 PM,97,Resting
Jan 16,10:30 PM,103,Resting
Jan 16,10:20 PM,99,Resting
Jan 16,10:10 PM,99,Resting
Jan 16,10:00 PM,97,Resting
Jan 16,9:50 PM,103,Resting
Jan 16,9:40 PM,105,Resting
Jan 16,9:30 PM,111,Resting
Jan 16,9:20 PM,111,General
Jan 16,8:52 PM,103,Resting
Jan 16,8:10 PM,100,Resting
Jan 16,7:40 PM,102,Resting
Jan 16,7:30 PM,94,Resting
Jan 16,7:00 PM,106,Resting
Jan 16,6:50 PM,108,Resting
Jan 16,6:40 PM,103,Resting
Jan 16,6:30 PM,104,Resting
Jan 16,5:31 PM,98,Resting
Jan 16,5:10 PM,114,Resting
Jan 16,4:50 PM,108,Resting
Jan 16,3:40 PM,124,Resting
Jan 16,3:30 PM,128,Resting
Jan 16,3:10 PM,130,Resting
Jan 16,3:00 PM,128,Resting
Jan 16,2:20 PM,131,Resting
Jan 16,1:40 PM,101,Resting
Jan 16,1:30 PM,101,Resting
Jan 16,1:10 PM,76,Resting
Jan 16,1:00 PM,89,General
Jan 16,12:10 PM,96,Resting
Jan 16,11:50 AM,102,Resting
Jan 16,11:20 AM,98,Resting
Jan 16,11:10 AM,100,Resting
Jan 16,11:00 AM,99,Resting
Jan 16,10:40 AM,100,General
Jan 16,10:20 AM,104,Resting
Jan 16,10:10 AM,98,Resting
Jan 16,10:00 AM,114,Resting
Jan 16,9:50 AM,103,Resting
Jan 16,9:40 AM,108,General
Jan 16,9:30 AM,109,Resting
Jan 16,9:21 AM,97,Resting
Jan 16,9:00 AM,111,Resting
Jan 16,8:50 AM,98,Resting
Jan 16,8:40 AM,111,Resting
Jan 15,9:40 PM,99,Resting
Jan 15,9:30 PM,90,Resting
Jan 15,9:10 PM,96,Resting
Jan 15,9:02 PM,101,Resting
Jan 15,8:50 PM,106,Resting
Jan 15,8:40 PM,93,Resting
Jan 15,8:20 PM,99,General
Jan 15,8:10 PM,98,Resting
Jan 15,7:50 PM,107,Resting
Jan 15,7:40 PM,90,Resting
Jan 15,7:30 PM,90,Resting
Jan 15,6:50 PM,91,Resting
Jan 15,6:40 PM,80,Resting
Jan 15,6:31 PM,83,Resting
Jan 15,6:20 PM,90,Resting
Jan 15,6:10 PM,82,Resting
Jan 15,6:00 PM,96,Resting
Jan 15,5:50 PM,90,Resting
Jan 15,5:40 PM,97,Resting
Jan 15,5:30 PM,94,Resting
Jan 15,5:10 PM,96,Resting
Jan 15,5:00 PM,99,General
Jan 15,4:30 PM,97,Resting
Jan 15,4:20 PM,105,Resting
Jan 15,4:10 PM,110,Resting
Jan 15,3:40 PM,101,Resting
Jan 15,3:30 PM,105,Resting
Jan 15,3:20 PM,100,Resting
Jan 15,3:10 PM,112,Resting
Jan 15,3:00 PM,96,Resting
Jan 15,2:50 PM,111,General
Jan 15,2:40 PM,101,General
Jan 15,2:20 PM,103,General
Jan 15,12:40 PM,88,Resting
Jan 15,12:20 PM,93,General
Jan 15,11:50 AM,81,General
Jan 15,11:30 AM,98,General
Jan 14,9:40 PM,128,General
Jan 14,8:40 PM,109,General
Jan 14,8:00 PM,111,General
Jan 14,7:40 PM,103,General
Jan 14,5:00 PM,97,Resting
Jan 14,4:50 PM,86,General
Jan 14,4:30 PM,90,Resting
Jan 14,4:20 PM,78,Resting
Jan 14,4:10 PM,75,General
Jan 14,4:00 PM,83,Resting
Jan 14,3:50 PM,82,Resting
Jan 14,3:40 PM,91,Resting
Jan 14,3:30 PM,80,Resting
Jan 14,3:10 PM,77,Resting
Jan 14,3:00 PM,87,Resting
Jan 14,2:30 PM,88,Resting
Jan 14,2:20 PM,86,Resting
Jan 14,2:10 PM,90,Resting
Jan 14,1:50 PM,106,Resting
Jan 14,1:11 PM,100,General
Jan 14,12:20 AM,89,Resting
Jan 14,12:10 AM,88,Resting
Jan 14,12:00 AM,94,Resting
Jan 13,11:00 PM,85,Resting
Jan 13,10:50 PM,83,Resting
Jan 13,10:40 PM,90,Resting
Jan 13,10:30 PM,94,Resting
Jan 13,10:20 PM,98,Resting
Jan 13,10:10 PM,98,Resting
Jan 13,10:01 PM,104,Resting
Jan 13,9:50 PM,103,General
Jan 13,9:00 PM,89,General
Jan 13,8:50 PM,99,Resting
Jan 13,8:40 PM,99,Resting
Jan 13,8:00 PM,95,Resting
Jan 13,7:50 PM,81,Resting
Jan 13,7:40 PM,79,Resting
Jan 13,7:30 PM,87,General
Jan 13,7:00 PM,79,Resting
Jan 13,6:40 PM,82,Resting
Jan 13,6:30 PM,79,Resting
Jan 13,6:20 PM,92,Resting
Jan 13,6:10 PM,91,Resting
Jan 13,6:00 PM,94,Resting
Jan 13,5:20 PM,98,Resting
Jan 13,5:00 PM,85,Resting
Jan 13,4:50 PM,84,General
Jan 13,4:30 PM,101,Resting
Jan 13,4:20 PM,94,Resting
Jan 13,4:10 PM,89,Resting
Jan 13,3:41 PM,100,Resting
Jan 13,3:30 PM,85,Resting
Jan 13,3:20 PM,92,Resting
Jan 13,3:10 PM,87,Resting
Jan 13,3:00 PM,98,Resting
Jan 13,2:50 PM,91,Resting
Jan 13,2:40 PM,82,Resting
Jan 13,2:30 PM,80,Resting
Jan 13,2:10 PM,93,Resting
Jan 13,1:50 PM,82,General
Jan 13,1:31 PM,86,Resting
Jan 13,12:20 PM,92,Resting
Jan 13,12:00 PM,90,Resting
Jan 13,11:50 AM,90,Resting
Jan 13,11:40 AM,89,General
Jan 13,11:30 AM,92,Resting
Jan 13,11:10 AM,102,Resting
Jan 13,11:00 AM,111,General
Jan 13,9:50 AM,75,Resting
Jan 13,9:40 AM,91,Resting
Jan 13,9:31 AM,78,Resting
Jan 13,9:10 AM,81,Resting
Jan 13,12:00 AM,104,General
Jan 12,10:20 PM,116,Resting
Jan 12,9:50 PM,102,Resting
Jan 12,6:40 PM,114,General
Jan 12,6:00 PM,113,Resting
Jan 12,5:40 PM,111,Resting
Jan 12,5:20 PM,118,Resting
Jan 12,5:10 PM,112,General
Jan 12,4:30 PM,102,Resting
Jan 12,4:10 PM,103,Resting
Jan 12,4:01 PM,110,Resting
Jan 12,3:50 PM,119,Resting
Jan 12,3:40 PM,112,General
Jan 12,2:50 PM,128,Resting
Jan 12,2:40 PM,131,Resting
Jan 12,2:20 PM,124,Resting
Jan 12,12:40 PM,80,Resting
Jan 12,12:30 PM,84,Resting
Jan 12,12:10 PM,73,Resting
Jan 12,12:00 PM,72,Resting
Jan 12,11:50 AM,61,Resting
Jan 12,11:40 AM,94,Resting
Jan 12,11:30 AM,97,Resting
Jan 12,11:10 AM,106,Resting
Jan 12,11:00 AM,109,Resting
Jan 12,10:40 AM,101,Resting
Jan 12,12:00 AM,82,Resting
Jan 11,11:50 PM,84,Resting
Jan 11,11:40 PM,88,Resting
Jan 11,11:30 PM,88,Resting
Jan 11,11:20 PM,91,Resting
Jan 11,11:10 PM,91,Resting
Jan 11,11:00 PM,91,Resting
Jan 11,10:50 PM,97,Resting
Jan 11,10:40 PM,95,Resting
Jan 11,10:30 PM,101,General
Jan 11,10:00 PM,94,Resting
Jan 11,9:20 PM,95,Resting
Jan 11,9:10 PM,99,Resting
Jan 11,9:00 PM,98,Resting
Jan 11,8:50 PM,100,Resting
Jan 11,8:40 PM,103,General
Jan 11,8:30 PM,123,General
Jan 11,8:10 PM,97,General
Jan 11,7:50 PM,90,Resting
Jan 11,7:00 PM,108,Resting
Jan 11,6:40 PM,96,Resting
Jan 11,6:30 PM,106,Resting
Jan 11,6:20 PM,103,Resting
Jan 11,5:50 PM,91,General
Jan 11,5:20 PM,99,Resting
Jan 11,5:10 PM,106,General
Jan 11,4:30 PM,101,Resting
Jan 11,4:10 PM,98,Resting
Jan 11,4:00 PM,95,Resting
Jan 11,3:30 PM,97,Resting
Jan 11,3:00 PM,92,Resting
Jan 11,2:50 PM,105,Resting
Jan 11,2:20 PM,105,Resting
Jan 11,2:10 PM,105,Resting
Jan 11,2:00 PM,102,General
Jan 11,1:20 PM,91,General
Jan 11,12:20 PM,96,Resting
Jan 11,12:10 PM,91,Resting
Jan 11,12:00 PM,103,Resting
Jan 11,11:50 AM,98,Resting
Jan 11,11:10 AM,95,Resting
Jan 11,10:50 AM,99,Resting
Jan 11,10:40 AM,104,General
Jan 11,10:10 AM,97,Resting
Jan 11,10:00 AM,104,Resting
Jan 11,9:50 AM,111,Resting
Jan 11,9:20 AM,114,Resting
Jan 11,9:10 AM,111,Resting
Jan 11,9:00 AM,108,Resting
Jan 11,8:50 AM,104,General
Jan 11,8:42 AM,120,General
Jan 11,12:00 AM,76,Resting
Jan 10,11:50 PM,79,Resting
Jan 10,11:40 PM,79,Resting
Jan 10,11:30 PM,80,Resting
Jan 10,11:20 PM,81,Resting
Jan 10,11:10 PM,82,Resting
Jan 10,11:00 PM,83,Resting
Jan 10,10:50 PM,92,Resting
Jan 10,10:40 PM,94,Resting
Jan 10,10:30 PM,89,Resting
Jan 10,10:20 PM,93,Resting
Jan 10,10:10 PM,99,Resting
Jan 10,10:00 PM,96,General
Jan 10,9:50 PM,102,Resting
Jan 10,9:30 PM,98,Resting
Jan 10,9:20 PM,99,General
Jan 10,9:10 PM,106,Resting
Jan 10,9:00 PM,106,Resting
Jan 10,8:40 PM,100,Resting
Jan 10,8:20 PM,100,General
Jan 10,3:41 PM,117,Resting
Jan 10,3:20 PM,117,Resting
Jan 10,2:20 PM,134,Resting
Jan 10,1:50 PM,112,Resting
Jan 10,1:40 PM,104,Resting
Jan 10,1:20 PM,106,General
Jan 10,1:10 PM,108,Resting
Jan 10,1:00 PM,97,Resting
Jan 10,12:50 PM,97,General
Jan 10,12:10 PM,95,Resting
Jan 10,12:00 PM,106,Resting
Jan 10,11:50 AM,99,Resting
Jan 10,11:30 AM,107,General
Jan 10,11:10 AM,99,Resting
Jan 10,11:00 AM,103,Resting
Jan 10,10:50 AM,100,Resting
Jan 10,10:40 AM,103,Resting
Jan 10,10:20 AM,93,Resting
Jan 10,10:00 AM,103,General
Jan 10,9:50 AM,101,Resting
Jan 10,9:40 AM,104,General
Jan 10,9:10 AM,111,Resting
Jan 10,9:00 AM,108,Resting
Jan 10,8:50 AM,105,General
Jan 10,8:41 AM,129,General
Jan 9,9:50 PM,101,Resting
Jan 9,9:30 PM,107,Resting
Jan 9,9:20 PM,111,Resting
Jan 9,8:20 PM,100,Resting
Jan 9,8:00 PM,101,Resting
Jan 9,7:30 PM,103,Resting
Jan 9,7:20 PM,102,General
Jan 9,7:10 PM,105,Resting
Jan 9,7:00 PM,111,Resting
Jan 9,6:50 PM,111,Resting
Jan 9,6:20 PM,111,Resting
Jan 9,5:40 PM,105,Resting
Jan 9,5:10 PM,108,Resting
Jan 9,5:00 PM,111,Resting
Jan 9,4:50 PM,103,Resting
Jan 9,4:40 PM,98,Resting
Jan 9,4:20 PM,94,General
Jan 9,3:50 PM,111,Resting
Jan 9,3:40 PM,118,Resting
Jan 9,3:30 PM,110,Resting
Jan 9,2:50 PM,115,Resting
Jan 9,2:40 PM,114,Resting
Jan 9,2:30 PM,110,Resting
Jan 9,1:30 PM,106,Resting
Jan 9,1:10 PM,102,General
Jan 9,12:10 PM,106,Resting
Jan 9,12:01 PM,91,Resting
Jan 9,11:50 AM,96,Resting
Jan 9,11:40 AM,91,General
Jan 9,11:00 AM,101,Resting
Jan 9,10:50 AM,104,Resting
Jan 9,10:40 AM,101,Resting
Jan 9,10:10 AM,97,Resting
Jan 9,10:00 AM,103,Resting
Jan 9,9:50 AM,102,Resting
Jan 9,9:40 AM,106,General
Jan 9,9:20 AM,106,Resting
Jan 9,9:10 AM,105,Resting
Jan 9,9:00 AM,102,Resting
Jan 9,8:50 AM,109,Resting
Jan 8,10:30 PM,110,Resting
Jan 8,10:10 PM,106,Resting
Jan 8,10:00 PM,111,Resting
Jan 8,9:50 PM,109,Resting
Jan 8,9:40 PM,102,Resting
Jan 8,9:30 PM,102,General
Jan 8,9:20 PM,109,Resting
Jan 8,9:10 PM,112,Resting
Jan 8,8:50 PM,102,General
Jan 8,8:10 PM,112,Resting
Jan 8,7:50 PM,109,Resting
Jan 8,7:40 PM,122,Resting
Jan 8,7:20 PM,112,General
Jan 8,6:50 PM,105,Resting
Jan 8,6:10 PM,108,Resting
Jan 8,6:06 PM,100,General
Jan 8,5:50 PM,103,Resting
Jan 8,5:10 PM,106,Resting
Jan 8,4:50 PM,100,Resting
Jan 8,4:40 PM,102,Resting
Jan 8,4:30 PM,106,Resting
Jan 8,4:20 PM,113,General
Jan 8,3:50 PM,120,Resting
Jan 8,3:40 PM,121,Resting
Jan 8,3:30 PM,118,Resting
Jan 8,3:00 PM,119,Resting
Jan 8,1:40 PM,116,Resting
Jan 8,1:30 PM,115,Resting
Jan 8,1:11 PM,109,Resting
Jan 8,12:50 PM,101,General
Jan 8,12:00 PM,103,Resting
Jan 8,11:50 AM,99,Resting
Jan 8,11:00 AM,107,Resting
Jan 8,10:40 AM,109,General
Jan 8,10:20 AM,122,Resting
Jan 8,10:10 AM,112,Resting
Jan 8,10:00 AM,104,General
Jan 8,9:50 AM,105,Resting
Jan 8,9:40 AM,109,General
Jan 8,9:10 AM,101,Resting
Jan 8,9:00 AM,102,Resting
Jan 8,8:50 AM,109,Resting
Jan 8,12:10 AM,84,Resting
Jan 8,12:00 AM,86,Resting
Jan 7,11:50 PM,92,General
Jan 7,11:40 PM,100,Resting
Jan 7,11:30 PM,96,Resting
Jan 7,11:20 PM,101,Resting
Jan 7,11:10 PM,98,Resting
Jan 7,11:00 PM,101,Resting
Jan 7,10:50 PM,104,Resting
Jan 7,10:40 PM,107,Resting
Jan 7,10:00 PM,109,Resting
Jan 7,9:20 PM,118,Resting
Jan 7,8:00 PM,104,Resting
Jan 7,7:20 PM,114,Resting
Jan 7,7:10 PM,113,Resting
Jan 7,6:50 PM,112,Resting
Jan 7,6:30 PM,113,Resting
Jan 7,6:10 PM,116,General
Jan 7,5:50 PM,105,Resting
Jan 7,5:20 PM,110,Resting
Jan 7,5:00 PM,100,Resting
Jan 7,4:40 PM,116,General
Jan 7,4:20 PM,116,General
Jan 7,2:40 PM,121,Resting
Jan 7,1:40 PM,113,General
Jan 7,1:30 PM,107,Resting
Jan 7,1:20 PM,124,Resting
Jan 7,12:40 PM,104,General
Jan 7,12:00 PM,107,Resting
Jan 7,11:40 AM,111,Resting
Jan 7,11:20 AM,105,Resting
Jan 7,10:40 AM,107,Resting
Jan 7,9:40 AM,122,General
Jan 7,9:20 AM,116,Resting
Jan 7,9:10 AM,122,Resting
Jan 7,9:00 AM,120,Resting
Jan 7,8:50 AM,118,Resting
Jan 7,8:40 AM,120,General
Jan 7,12:00 AM,104,Resting
Jan 6,11:50 PM,104,Resting
Jan 6,11:20 PM,115,Resting
Jan 6,8:00 PM,119,Resting
Jan 6,7:50 PM,121,Resting
Jan 6,7:00 PM,113,Resting
Jan 6,6:30 PM,106,Resting
Jan 6,6:20 PM,117,Resting
Jan 6,6:10 PM,105,Resting
Jan 6,5:20 PM,110,Resting
Jan 6,5:10 PM,107,General
Jan 6,4:00 PM,125,General
Jan 6,2:50 PM,123,General
Jan 6,2:40 PM,107,Resting
Jan 6,2:20 PM,112,Resting
Jan 6,2:00 PM,118,Resting
Jan 6,1:50 PM,118,Resting
Jan 6,1:40 PM,112,General
Jan 6,1:30 PM,116,General
Jan 6,1:20 PM,120,Resting
Jan 6,1:00 PM,114,General
Jan 6,11:20 AM,129,Resting
Jan 5,11:00 PM,122,Resting
Jan 5,10:10 PM,147,Resting
Jan 5,8:40 PM,110,Resting
Jan 5,8:30 PM,106,Resting
Jan 5,8:20 PM,106,Resting
Jan 5,8:10 PM,106,Resting
Jan 5,8:00 PM,107,Resting
Jan 5,5:40 PM,140,Resting
Jan 5,4:30 PM,104,Resting
Jan 5,4:20 PM,98,Resting
Jan 5,4:10 PM,104,Resting
Jan 5,4:00 PM,105,Resting
Jan 5,3:50 PM,103,Resting
Jan 5,3:40 PM,118,Resting
Jan 5,3:20 PM,106,Resting
Jan 5,2:50 PM,105,Resting
Jan 5,2:40 PM,98,Resting
Jan 5,2:30 PM,111,Resting
Jan 5,2:00 PM,110,General
Jan 5,1:40 PM,117,General
Jan 5,1:30 PM,122,Resting
Jan 5,1:20 PM,110,General
Jan 5,1:10 PM,109,Resting
Jan 5,12:50 PM,101,Resting
Jan 5,12:20 PM,98,Resting
Jan 4,9:50 PM,125,Resting
Jan 4,9:30 PM,125,General
Jan 4,9:10 PM,131,Resting
Jan 4,8:20 PM,119,Resting
Jan 4,8:10 PM,116,Resting
Jan 4,8:00 PM,120,Resting
Jan 4,7:50 PM,125,General
Jan 4,7:40 PM,120,General
Jan 4,7:00 PM,136,Resting
Jan 4,6:50 PM,135,Resting
Jan 4,6:10 PM,144,General
Jan 4,12:20 PM,125,Resting
Jan 4,11:40 AM,133,General
Jan 4,10:00 AM,139,Resting
Jan 4,8:50 AM,129,Resting
Jan 4,8:40 AM,127,General
Jan 3,8:40 PM,122,Resting
Jan 3,8:30 PM,114,Resting
Jan 3,8:20 PM,105,General
Jan 3,7:50 PM,110,Resting
Jan 3,7:40 PM,113,Resting
Jan 3,7:30 PM,119,Resting
Jan 3,7:20 PM,117,General
Jan 3,7:12 PM,122,General
Jan 3,5:40 PM,133,General
Jan 3,5:10 PM,114,Resting
Jan 3,5:00 PM,113,Resting
Jan 3,4:50 PM,116,General
Jan 3,3:00 PM,115,Resting
Jan 3,1:40 PM,108,Resting
Jan 3,1:30 PM,109,Resting
Jan 3,1:00 PM,109,Resting
Jan 3,12:50 PM,112,Resting
Jan 3,12:40 PM,107,Resting
Jan 3,12:30 PM,101,General
Jan 3,12:20 PM,110,Resting
Jan 3,12:10 PM,96,General
Jan 3,11:20 AM,97,Resting
Jan 3,11:10 AM,101,Resting
Jan 3,10:50 AM,95,Resting
Jan 3,10:40 AM,102,General
Jan 3,10:10 AM,95,Resting
Jan 3,10:00 AM,101,Resting
Jan 3,9:50 AM,107,Resting
Jan 3,9:40 AM,100,Resting
Jan 3,9:30 AM,108,General
Jan 3,7:40 AM,95,Resting
Jan 3,7:30 AM,68,Resting
Jan 3,7:20 AM,64,Resting
Jan 3,7:10 AM,66,Resting
Jan 3,6:50 AM,63,Resting
Jan 3,6:40 AM,63,Resting
Jan 3,6:30 AM,61,Resting
Jan 3,6:20 AM,64,Resting
Jan 3,6:10 AM,62,Resting
Jan 3,6:00 AM,61,Resting
Jan 3,5:50 AM,67,Resting
Jan 3,5:40 AM,66,Resting
Jan 3,5:30 AM,68,Resting
Jan 3,5:20 AM,71,Resting
Jan 3,5:10 AM,67,Resting
Jan 3,5:00 AM,67,Resting
Jan 3,4:50 AM,65,Resting
Jan 3,4:40 AM,63,Resting
Jan 3,4:30 AM,60,Resting
Jan 3,4:20 AM,63,Resting
Jan 3,4:10 AM,67,Resting
Jan 3,4:00 AM,67,Resting
Jan 3,3:50 AM,71,Resting
Jan 3,3:40 AM,77,Resting
Jan 3,3:30 AM,76,Resting
Jan 3,3:20 AM,76,Resting
Jan 3,3:10 AM,67,Resting
Jan 3,3:00 AM,68,Resting
Jan 3,2:50 AM,75,Resting
Jan 3,2:40 AM,75,Resting
Jan 3,2:30 AM,74,Resting
Jan 3,2:20 AM,82,Resting
Jan 3,2:10 AM,80,Resting
Jan 3,2:00 AM,75,Resting
Jan 3,1:50 AM,74,Resting
Jan 3,1:41 AM,76,Resting
Jan 3,1:30 AM,81,Resting
Jan 3,1:20 AM,83,Resting
Jan 3,1:10 AM,82,Resting
Jan 3,1:00 AM,82,Resting
Jan 3,12:50 AM,81,Resting
Jan 3,12:40 AM,83,Resting
Jan 3,12:30 AM,85,Resting
Jan 3,12:20 AM,85,Resting
Jan 3,12:10 AM,97,Resting
Jan 3,12:00 AM,101,Resting
Jan 2,11:50 PM,103,Resting
Jan 2,11:40 PM,101,Resting
Jan 2,11:30 PM,103,Resting
Jan 2,11:20 PM,104,Resting
Jan 2,11:04 PM,101,General
Jan 2,11:00 PM,103,General
Jan 2,8:21 PM,99,General
Jan 2,8:00 PM,103,Resting
Jan 2,7:50 PM,93,Resting
Jan 2,7:40 PM,102,Resting
Jan 2,7:30 PM,100,Resting
Jan 2,7:20 PM,102,General
Jan 2,7:00 PM,112,Resting
Jan 2,6:41 PM,104,Resting
Jan 2,6:20 PM,112,Resting
Jan 2,5:40 PM,111,Resting
Jan 2,5:30 PM,104,Resting
Jan 2,5:21 PM,118,General
Jan 2,5:10 PM,109,Resting
Jan 2,5:00 PM,111,General
Jan 2,3:39 PM,113,Surprised
Jan 2,3:20 PM,117,Resting
Jan 2,3:10 PM,102,Resting
Jan 2,2:50 PM,117,Resting
Jan 2,2:30 PM,122,General
Jan 2,1:50 PM,108,Resting
Jan 2,1:30 PM,103,Resting
Jan 2,1:20 PM,101,Resting
Jan 2,1:10 PM,108,Resting
Jan 2,1:00 PM,107,General
Jan 2,12:10 PM,105,General
Jan 2,11:20 AM,58,Resting
Jan 2,11:00 AM,113,Resting
Jan 2,10:50 AM,100,Resting
Jan 2,10:40 AM,104,Resting
Jan 2,10:20 AM,98,Resting
Jan 2,10:00 AM,101,Resting
Jan 2,8:50 AM,110,General
Jan 2,7:40 AM,52,Resting
Jan 2,7:30 AM,57,Resting
Jan 2,7:20 AM,58,Resting
Jan 2,7:10 AM,59,Resting
Jan 2,6:50 AM,56,Resting
Jan 2,6:40 AM,61,Resting
Jan 2,6:30 AM,61,Resting
Jan 2,6:20 AM,65,Resting
Jan 2,6:10 AM,56,Resting
Jan 2,6:00 AM,64,Resting
Jan 2,5:50 AM,63,Resting
Jan 2,5:40 AM,58,Resting
Jan 2,5:30 AM,60,Resting
Jan 2,5:20 AM,56,Resting
Jan 2,5:10 AM,60,Resting
Jan 2,5:00 AM,60,Resting
Jan 2,4:50 AM,60,Resting
Jan 2,4:40 AM,61,Resting
Jan 2,4:30 AM,61,Resting
Jan 2,4:20 AM,61,Resting
Jan 2,4:10 AM,68,Resting
Jan 2,4:00 AM,60,Resting
Jan 2,3:50 AM,64,Resting
Jan 2,3:40 AM,59,Resting
Jan 2,3:30 AM,64,Resting
Jan 2,3:20 AM,62,Resting
Jan 2,3:10 AM,62,Resting
Jan 2,3:00 AM,59,Resting
Jan 2,2:50 AM,64,Resting
Jan 2,2:40 AM,62,Resting
Jan 2,2:30 AM,65,Resting
Jan 2,2:20 AM,66,Resting
Jan 2,2:10 AM,64,Resting
Jan 2,2:00 AM,68,Resting
Jan 2,1:50 AM,67,Resting
Jan 2,1:40 AM,69,Resting
Jan 2,1:30 AM,71,Resting
Jan 2,1:20 AM,77,Resting
Jan 2,1:00 AM,81,Resting
Jan 2,12:50 AM,76,Resting
Jan 2,12:41 AM,85,Resting
Jan 2,12:30 AM,81,Resting
Jan 2,12:20 AM,82,Resting
Jan 2,12:10 AM,81,Resting
Jan 2,12:00 AM,89,Resting
Jan 1,11:50 PM,81,General
Jan 1,11:40 PM,74,Resting
Jan 1,11:20 PM,85,Resting
Jan 1,11:10 PM,77,Resting
Jan 1,10:50 PM,87,Resting
Jan 1,10:40 PM,82,Resting
Jan 1,10:30 PM,87,Resting
Jan 1,10:00 PM,76,General
Jan 1,9:30 PM,89,General
Jan 1,9:10 PM,100,Resting
Jan 1,9:00 PM,94,Resting
Jan 1,8:50 PM,93,Resting
Jan 1,8:41 PM,97,Resting
Jan 1,8:30 PM,98,Resting
Jan 1,8:00 PM,79,Resting
Jan 1,7:50 PM,84,Resting
Jan 1,7:40 PM,76,Resting
Jan 1,7:31 PM,87,General
Jan 1,7:00 PM,91,Resting
Jan 1,6:40 PM,87,Resting
Jan 1,5:50 PM,94,Resting
Jan 1,5:40 PM,94,Resting
Jan 1,5:30 PM,86,General
Jan 1,5:10 PM,82,Resting
Jan 1,5:00 PM,82,Resting
Jan 1,4:50 PM,81,Resting
Jan 1,4:40 PM,86,Resting
Jan 1,4:30 PM,86,Resting
Jan 1,4:10 PM,89,Resting
Jan 1,4:00 PM,94,Resting
Jan 1,3:50 PM,93,Resting
Jan 1,3:30 PM,86,Resting
Jan 1,3:20 PM,89,Resting
Jan 1,3:10 PM,92,Resting
Jan 1,3:00 PM,87,Resting
Jan 1,2:50 PM,90,Resting
Jan 1,2:40 PM,89,Resting
Jan 1,2:30 PM,94,Resting
Jan 1,1:50 PM,93,Resting
Jan 1,1:40 PM,103,Resting
Jan 1,1:30 PM,101,Resting
Jan 1,1:20 PM,91,Resting
Jan 1,1:00 PM,82,General
Jan 1,12:40 PM,81,Resting
Jan 1,12:10 PM,103,Resting
Jan 1,11:50 AM,96,General
Jan 1,11:30 AM,97,Resting
Jan 1,11:20 AM,99,Resting
Jan 1,11:10 AM,105,Resting
Jan 1,11:00 AM,92,Resting
Jan 1,10:50 AM,102,Resting
Jan 1,10:31 AM,108,General
Jan 1,12:30 AM,114,Resting
